data_type_light, data_type_position x,data_type_position y,data_type_position z
32767,-157.9064,156.9064,156.9064
21162,98,111,16
29749,-109,-130,-126
9278,-120,-110,-147
23123,47,152,31
10550,155,128,155
10784,-111,-75,-139
11280,-102,-33,50
28834,147,-30,98
8334,-62,-78,-80
16441,24,-68,-70
8195,38,19,-68
14599,70,75,118
26677,-54,12,42
6604,109,-28,64
8587,123,57,43
7914,-150,-44,15
7686,-107,-3,-45
15134,31,125,-45
17389,-49,45,57
7392,-6,-144,62
1720,95,34,-33
23889,125,37,123
26761,-33,-153,117
7881,147,48,120
30142,0,6,112
30266,16,-156,-137
7158,-49,-108,-131
18495,-141,68,-45
20992,-121,92,32
10510,29,-34,146
18545,-126,-98,90
2793,8,-36,31
30167,-103,151,78
32349,-113,97,45
18363,48,-124,38
19307,21,-66,-31
6367,30,-150,0
32279,56,-21,42
31898,78,146,-62
26390,-134,58,58
8250,-128,-4,61
32181,115,-54,-107
4261,-26,-102,-83
16554,45,-12,112
19545,-61,8,-78
3006,126,-119,-64
22016,-145,150,2
5719,34,15,-132
13369,-67,106,-92
12209,-34,-155,-22
759,-85,-93,81
29487,-101,36,-10
19819,145,-99,-72
8607,122,-101,110
17097,48,27,-131
14167,13,65,111
10706,-138,148,78
22204,49,-7,-152
6381,128,-28,-15
26457,127,-136,-150
16227,-80,-61,36
23947,-2,-138,-107
6708,55,-109,-110
13897,130,148,-123
26971,95,-68,-15
22263,22,-3,-60
8030,-18,-127,43
385,57,109,64
31624,-81,-60,88
16151,-112,86,132
25559,98,-24,5
23591,-157,-35,-132
15681,-89,-140,-1
27249,-33,108,26
10379,124,-48,-145
10501,-5,56,-69
8800,95,-6,-148
20219,108,-67,-53
24080,-77,-72,59
7580,18,-13,-92
7771,127,154,-116
1206,-49,-110,-58
19334,1,48,36
8632,-60,-27,156
31811,-72,153,82
1959,89,-10,110
3375,130,84,78
30432,-40,-143,86
15249,45,68,-31
15305,140,-151,-96
21957,147,9,-152
13259,30,-15,-23
16298,111,-109,135
24822,-70,-79,37
24717,-52,-39,-55
30952,-31,149,-21
20597,9,-55,121
24398,152,78,76
17204,-150,62,-65
4240,-74,-44,37
21791,40,-98,89
26192,151,23,-66
4248,-62,108,-101
21254,-156,-137,-87
4550,9,-151,-1
9341,28,56,85
26887,-94,-59,78
24079,-156,135,-13
31623,-145,-152,-124
1819,-46,-121,-154
12521,92,121,-147
14904,150,130,75
30977,-46,-138,-104
6404,9,-28,37
26657,-81,-75,57
20163,127,22,121
13620,115,8,29
23670,80,-85,-80
7869,116,-21,-96
9459,-118,6,33
1384,-121,91,41
10315,27,70,-37
32391,-63,126,-98
16818,69,-115,124
3003,154,-56,-87
9866,126,-149,126
21236,101,-71,-52
11424,5,36,-15
12900,82,11,-73
3793,-63,-157,142
29343,97,-123,156
20602,120,-126,67
2179,-103,-81,106
17672,-131,-111,-66
30021,146,-109,-17
20949,43,-40,-93
7235,-25,44,36
23098,-59,-115,-14
4945,35,127,151
13783,6,-33,90
18055,126,-95,-55
31410,71,-78,65
15694,-14,79,31
2875,-80,72,24
28679,-34,67,96
9281,11,-116,124
10890,95,70,-55
23304,-134,-78,-122
21815,144,26,-31
10105,-35,-73,-59
5521,145,-108,-60
6204,-96,2,62
21807,-41,-152,-106
23509,-2,28,-132
31615,6,55,-95
22496,-55,113,-80
17174,69,106,-45
16675,144,-40,-144
9003,-119,-17,122
20654,120,-10,-117
20878,-102,1,-157
10556,124,-16,-35
14575,-2,80,-34
30530,71,47,-127
29187,-149,-83,-111
13138,99,17,-142
7374,79,99,-147
8771,-108,91,136
6718,-17,12,104
14652,114,-133,120
1229,50,60,-84
27059,60,21,-71
20529,-95,45,134
12366,96,37,129
6051,-47,33,-132
24288,113,32,78
21720,-58,13,-86
30875,13,107,138
8542,115,61,-142
15874,-21,125,-152
10243,-15,137,-139
20678,118,109,101
12947,90,10,19
29429,-42,36,153
25634,75,118,-73
11662,-134,5,47
27870,40,-142,62
30735,47,42,-47
16173,20,-35,-4
29004,72,-27,-131
23005,116,-133,72
29538,-124,-65,-72
3579,-17,118,124
30078,127,18,75
16392,33,-73,-69
29652,-4,-99,107
32577,-41,117,49
14610,-59,-3,-7
3397,115,-35,93
7226,54,-40,-61
127,-71,-83,-50
4664,120,100,-35
12725,57,-136,-120
21744,-150,-123,130
13093,-11,14,117
30666,-85,27,10
23253,-8,-134,-146
13141,-106,-126,-134
21478,3,149,43
23304,127,-152,113
28978,147,-103,-40
18308,152,-52,-33
27187,-127,-104,-7
22362,152,140,57
19919,-65,-122,90
29387,-35,-11,49
25421,-10,-128,90
19938,-142,95,-41
4179,136,-80,105
2489,-134,148,-37
32645,100,18,-41
31903,46,-28,-119
27525,150,-18,-60
6115,70,129,47
23434,-128,-8,111
18923,156,-60,135
28522,-19,-89,11
12783,-5,-86,38
12819,-148,-112,120
17557,60,-151,111
4831,-31,148,130
22719,84,-113,129
31459,99,-36,70
9700,-42,-56,-145
12491,-107,90,47
8524,-37,-14,72
15473,128,8,-35
16619,-133,88,84
2715,117,95,75
29795,150,50,132
27947,-82,102,95
1214,84,90,-2
255,40,-110,12
29060,-105,148,-98
32327,-39,44,5
8805,-86,89,-38
32114,-149,102,135
4088,20,-154,112
5083,121,97,13
11060,-110,-123,-112
13244,0,24,20
8455,-28,127,35
22721,-12,-66,-122
28924,118,78,-49
24383,125,-47,-2
6623,-123,128,-154
26582,-101,-54,-89
14044,20,44,29
13242,42,-91,29
160,133,-41,93
21467,23,-157,-142
24353,48,127,-114
14737,-34,-148,-94
1186,-12,-114,113
12248,145,32,-17
17130,-40,29,-1
4394,-28,70,-141
5155,136,-138,102
7434,-87,-51,53
26852,-14,85,-53
4011,-74,25,42
24831,155,145,-118
23828,-71,-18,63
17611,26,38,120
30400,110,-37,-86
26975,113,-56,26
4213,-27,14,147
30673,9,-99,10
6705,-152,36,-67
7033,51,-112,34
4129,-66,127,-85
30787,63,-119,-152
12540,97,131,128
31378,-155,-99,-27
30366,-24,108,-86
23532,-69,52,96
1318,-24,-140,-3
30696,96,2,134
30997,150,66,-81
16642,-108,112,-136
1634,68,54,-11
27654,136,98,56
17049,103,-96,-124
20988,77,-53,-148
31835,-135,-34,-79
21188,-106,12,-24
32487,48,-1,-143
22941,-27,55,83
14054,-88,25,-1
8956,-147,-132,15
15125,-86,86,30
30677,-151,30,64
3047,-7,-153,-98
7877,7,76,112
14981,115,-146,-153
21794,-152,32,-51
21249,-51,122,-157
7273,5,-54,-60
9024,60,137,123
31205,-49,102,-92
23945,25,-63,75
6187,111,131,-87
25458,50,118,-116
1680,-117,-129,132
6503,35,55,89
7900,61,-126,-98
1202,0,-73,-117
5575,-80,51,11
19252,-154,-59,-47
17970,82,39,121
15290,-114,-56,-88
16104,144,2,-58
10612,134,12,136
28254,-154,88,119
8716,96,-126,126
23826,-101,76,150
20336,-44,115,21
22266,101,-115,147
30945,-51,58,-18
16862,148,-56,-25
32525,96,89,122
16216,97,-114,91
26732,-79,130,71
11525,-51,51,66
9854,52,62,127
12209,-75,66,3
24673,-22,91,-61
3482,31,-119,56
15475,-89,72,-124
154,-155,-52,150
18176,8,134,118
19056,58,-47,-66
25156,54,135,-34
11705,-62,-14,-75
19614,-12,54,92
27669,-119,-157,-93
18295,-152,119,134
12408,153,85,-128
19975,-24,-130,115
28500,-55,99,156
32122,106,-151,146
16940,-80,-98,141
12290,1,-49,155
1477,-12,4,1
15641,85,-84,104
9014,-113,-38,-37
15048,-76,6,-128
22074,36,-119,-115
3426,-109,-144,135
9005,97,101,-140
18734,-109,-147,41
13626,22,54,53
6849,100,111,131
5979,-113,154,-20
14682,-23,46,-32
14880,-11,-136,69
25120,-64,-44,-110
11331,-33,156,141
21303,-65,119,-83
23320,-64,134,-48
3975,37,-63,100
19170,63,36,-150
1365,-12,-128,-112
10414,144,-35,24
30055,94,30,-24
21110,156,124,140
19042,-66,57,-120
19771,73,-132,82
13711,-14,-140,78
11764,103,104,79
6868,107,54,19
26569,-16,-34,98
24885,43,-62,114
26124,-94,152,-113
23702,-62,-68,-138
32635,-103,3,12
14932,20,11,152
26724,67,-17,-77
21577,66,-11,89
20592,-33,59,118
12226,49,-134,-146
11225,-54,-33,33
21559,104,2,20
16873,21,33,-57
32358,-67,-67,-33
13899,-71,107,-74
23158,-132,-46,36
10509,109,-1,59
7749,-113,64,55
25418,-149,83,-147
1228,-97,-25,92
16911,-97,-74,-88
22337,-56,-68,-135
17858,135,59,-76
28680,108,74,138
21448,83,-38,143
6925,87,19,-76
13170,-135,138,-78
15562,-136,-144,-142
21157,-139,-27,132
20316,47,-69,-31
13354,150,-139,-132
27227,-62,78,-22
11124,-100,124,87
12705,-108,127,78
6121,-88,-119,75
23656,51,-62,-103
27506,31,122,119
21633,106,-69,35
11912,48,-25,-8
3620,20,-92,38
30926,65,16,-131
11238,128,111,-75
5462,127,19,5
10104,9,-42,-92
23166,-115,78,-147
30146,-124,92,10
14764,-142,144,1
820,58,-150,-30
24628,81,-156,0
21683,152,31,-60
16135,-100,-44,-63
17031,131,-60,34
10379,135,47,49
26919,7,-128,38
12656,-34,114,30
27931,-91,-70,-84
31764,-74,53,16
10518,-143,-149,-128
9370,-33,-122,-30
23715,-19,-19,59
5790,-34,109,38
4061,2,-156,88
32396,-79,-6,-86
18544,-105,3,151
2980,-63,76,-131
12411,-71,-84,-18
9719,41,8,-25
23656,-59,124,73
19655,-126,-128,-93
7430,124,148,56
16878,-8,144,-89
4358,-132,150,15
7833,81,115,123
18150,109,86,38
18813,-127,-45,-11
12745,156,118,-126
11480,94,-54,34
32652,-98,-81,104
19469,-28,22,-155
29031,-15,-102,-33
2852,-6,6,-85
26358,127,-104,-36
16099,101,80,38
7160,-35,-36,41
7959,-150,-88,-145
20444,102,-84,26
31857,-136,-132,113
27469,24,-7,28
20446,-74,-145,104
2393,110,-124,-33
18180,-118,-55,21
26772,133,100,-27
9596,-70,118,128
20322,-139,59,68
1265,79,-61,45
5137,-67,87,119
16162,70,-42,75
32071,-138,148,131
27974,93,36,-127
4322,32,2,6
22293,-65,47,95
16366,114,-128,-149
3392,-9,-74,129
15965,81,-82,136
24269,-5,-38,-19
24359,0,-82,154
6732,-21,-146,80
9718,-24,16,-46
3305,-78,-12,49
24980,90,-149,31
17947,35,-22,-66
856,73,67,85
2473,-47,-70,109
9062,100,-112,-68
20230,148,-46,-21
14497,137,80,9
12621,121,75,-77
14326,-101,-43,-115
22205,27,38,-146
13496,69,73,13
4883,-54,-152,-4
212,-76,-40,64
24973,-18,-4,-140
17343,-70,126,143
9659,-25,-11,44
1116,52,18,22
12935,87,66,129
26591,142,130,-116
14972,71,35,-142
18791,29,-145,116
12542,-136,152,-128
16961,-24,114,146
4466,-38,99,-133
25853,153,30,-40
21517,-141,-136,-97
13243,-146,-144,-113
21528,-121,37,-42
5110,79,-120,34
12562,122,-115,-26
28507,-138,93,60
19035,62,-5,-39
9972,153,-53,-14
22799,-147,-47,141
21924,-155,-130,80
417,57,-146,50
19802,109,122,-123
19793,-36,88,-149
24235,-104,100,39
6231,-77,146,-60
17867,-113,31,79
10741,-13,-109,-155
2770,101,-80,40
27069,92,-99,120
4997,-40,78,86
32646,14,-17,-37
18266,91,-110,-118
27988,45,42,5
31566,-28,-138,-52
21016,-71,112,41
3600,74,-70,-145
7622,155,-131,57
31186,-85,147,-45
25418,140,-142,-46
32103,-50,70,88
25066,-73,131,78
14060,20,-36,-56
22778,-105,38,31
23391,-30,6,-57
27922,25,54,-43
978,-130,122,58
3209,-132,-14,-127
2914,-1,60,50
6112,92,-134,51
21437,-91,132,-120
3954,-75,91,-90
27512,-62,62,-88
27748,137,16,-123
19684,15,-69,58
27720,-100,-126,-131
6229,45,34,3
26337,-138,4,-123
395,149,104,56
12798,-68,-151,0
4573,-148,51,23
2123,-151,14,-140
32536,39,-60,96
2776,-41,-119,77
8519,-139,51,79
13572,25,-72,-54
103,-134,71,5
16847,71,-36,40
17050,99,-94,46
15019,-7,-114,-10
14180,-43,88,-50
4377,156,133,-127
22406,69,-116,92
8980,1,-66,56
23729,71,-61,-96
13735,83,45,-150
12900,9,133,-49
7261,107,108,130
18769,-123,-69,45
1227,-86,152,-95
32746,101,149,-46
5253,6,42,101
16508,-89,-90,43
24396,130,105,-112
505,-97,102,-20
21286,23,149,-101
115,-71,142,89
4532,-44,-82,12
25766,148,114,135
8988,77,128,-122
14074,5,-5,-113
2177,-5,-3,-138
23711,-75,-102,46
14527,-81,125,1
31210,-125,-145,109
19129,-61,71,-69
3623,-54,-71,-5
4164,-31,-52,-44
24186,152,100,16
2384,-6,98,-49
29986,153,77,-34
1728,119,46,-151
9676,156,-63,-74
2360,-34,-50,18
24323,154,-35,124
1917,-143,-112,108
25204,80,3,88
15460,99,137,-142
29510,122,-30,27
136,-23,25,19
1012,74,-145,-108
6999,-57,-138,-126
14082,59,-56,-142
26929,119,-121,-83
20808,88,-34,101
23496,30,71,118
2508,-44,116,101
22523,-47,131,105
10390,-16,-94,40
20565,142,41,-10
20406,30,-9,-78
1542,-118,-144,6
31950,134,-62,88
12114,47,-30,-79
133,-27,32,34
2798,-149,-19,-18
26148,116,53,91
17308,153,43,-94
8494,34,21,-146
16781,130,-32,6
288,-100,-53,62
17056,33,-54,-31
7461,-97,109,145
16835,-142,61,66
16032,-77,56,-106
17230,-88,14,-27
14037,76,-120,-49
25758,45,64,156
11526,-154,150,-114
30033,-46,34,-124
2162,-68,-101,61
3721,144,144,93
3110,-73,-152,38
17271,8,-30,105
13932,-27,-108,49
4661,121,1,-19
3005,141,53,139
11527,-6,-3,102
20124,-59,24,34
28969,-102,58,143
20077,135,-72,45
21469,-79,64,111
14951,-41,-96,141
25665,144,-48,-2
19283,-118,145,-155
30730,27,-66,75
20441,-33,124,119
9224,104,-130,-93
29696,21,-3,122
25321,-79,149,-34
22106,137,-111,11
11009,-155,-92,66
15005,57,-67,-123
5003,-25,46,3
21911,4,35,-105
15908,-124,-140,-54
17329,114,-95,-8
17204,16,22,47
22310,6,-138,-65
20635,-133,10,-38
2470,-110,-2,-113
12290,-15,-91,42
2268,46,-37,-91
3647,-97,-32,67
607,-99,-106,146
6665,-65,-69,92
3685,28,32,82
16264,153,21,111
4544,-70,-77,-101
28476,152,43,16
19568,-106,-6,26
6752,125,-75,-86
893,134,154,-153
25085,35,93,5
3903,78,-147,72
18119,-44,44,-23
7641,-23,-116,-10
8800,70,-134,34
24440,-96,100,-138
27752,142,-51,61
15996,30,56,-104
6086,-86,129,-56
23845,-76,63,-132
32651,21,100,68
31141,123,-118,-62
23907,117,89,156
4711,-53,-17,-134
12049,39,149,-155
21623,67,37,-39
9324,110,-141,-8
475,129,-78,-40
21291,34,-107,-131
25321,-18,-52,78
8915,14,122,43
15274,12,29,110
24316,138,97,-44
13269,153,-9,-124
6675,118,106,-19
7763,-123,80,134
32587,-134,143,104
18317,-9,60,-99
13763,150,79,52
5422,7,-139,-46
30747,76,-146,130
3116,-20,54,103
10420,-110,52,125
31954,-129,-35,66
9500,-107,-4,-142
31427,-122,-23,-56
10860,-128,62,142
18615,34,87,52
20845,-44,132,-108
31005,132,49,-91
6215,97,-35,-17
20320,136,-82,-28
12776,64,39,-127
18344,-83,64,-12
20383,-72,6,133
1766,-15,68,-91
26839,89,127,-113
29217,40,25,76
4862,41,135,33
8505,110,121,77
6708,63,58,-26
8360,74,-148,51
24422,-22,7,-21
11114,153,-112,55
17659,15,-92,87
9723,-11,39,110
11256,23,154,87
20675,14,2,107
18964,-73,40,-51
1718,-38,47,-138
30176,-4,49,-41
1909,-136,-1,70
21215,-74,23,16
14761,121,144,90
1248,37,90,-153
5980,-146,99,-100
7844,148,59,148
23827,75,2,114
28869,48,-32,-57
16810,-146,5,-72
6580,156,127,-75
18108,-102,-69,-7
16798,59,-83,-73
262,-81,-139,-25
1098,109,120,-123
24478,77,30,71
2686,-43,29,-29
8888,119,93,35
14267,141,99,-56
1262,67,81,121
24551,-109,-49,121
17168,62,98,-94
20481,125,66,-48
17815,30,2,-64
2362,65,118,-116
12944,141,1,-84
14586,135,77,32
16066,-152,151,-5
530,132,148,-28
11147,118,132,-86
13951,-37,-98,-109
30826,-137,-58,-51
2293,-128,82,121
1348,140,25,-154
3439,-108,1,39
27447,-69,-17,140
22498,-97,-155,92
18386,-105,19,88
32326,-119,-39,62
14615,-46,-88,-76
13721,107,-80,-70
17604,-130,108,131
16876,74,-102,16
20684,-150,-73,56
32102,152,53,-73
9994,115,6,57
1769,100,-23,-107
8751,131,123,-128
24946,54,15,-35
26203,-106,-29,-92
6579,-89,137,120
1335,78,144,-143
31865,147,0,109
31710,-5,90,-87
4792,96,-29,-81
14532,90,117,106
27801,19,73,-136
12754,-98,-7,-103
2468,68,97,-132
15941,13,-73,155
6644,-35,119,75
14363,11,-36,-51
22160,-135,102,-65
22988,-128,4,-35
10017,88,142,-96
16455,-114,28,-148
5585,-65,84,77
28025,-103,-53,-56
5645,11,-37,-47
3264,-24,67,-39
29322,-37,-148,128
28638,126,-46,-40
24360,72,42,-8
32088,-61,-36,-71
12579,-45,-111,152
20079,-99,108,-129
14153,-73,-31,149
13737,116,108,-40
27615,93,128,-67
7402,124,-71,-47
15450,-99,-57,14
9769,92,-147,-112
8714,116,-72,-78
2969,-120,-105,119
4713,-38,33,107
11621,-54,-87,-120
9875,-119,-32,126
32322,-20,5,145
3307,-58,-119,-80
14988,119,-134,-154
2569,127,121,132
32532,-84,-23,144
5022,119,9,-69
28671,58,4,20
9826,-8,66,-82
2787,138,43,35
21241,-116,57,-145
11003,-53,125,93
29264,-20,-152,-87
2766,-34,-104,0
21708,-38,-155,40
17538,136,-106,19
32067,-83,9,10
13556,-67,139,21
12309,-24,-133,-54
5377,-96,-21,-50
3143,-47,-76,36
31507,-71,-42,-138
14923,88,115,89
5084,10,-132,117
18638,-33,-13,-7
20598,-24,70,-101
25828,-65,4,-126
5422,42,-136,91
1113,85,-135,-2
4032,-16,32,-55
20430,104,68,-13
19099,69,-35,-74
32681,152,78,-34
29686,-128,-78,-12
564,-91,-118,106
27170,60,-28,147
10602,129,39,-80
25025,138,156,-136
3231,58,-136,86
28599,-147,22,-102
6774,-17,-13,-151
27955,45,110,59
18736,-111,17,148
21001,-12,-87,42
21008,-57,29,4
13042,23,13,53
12546,-98,-5,-56
3681,90,-91,-140
29687,-30,-77,126
12987,-32,6,138
19272,-115,84,156
12122,-148,-123,-90
24675,-140,-74,53
16567,147,146,14
5799,-41,152,127
28881,-131,-57,-149
25203,96,-50,-78
18758,-143,131,0
21671,143,-64,-125
2084,-49,108,-88
29511,17,-5,103
9458,-18,78,5
8389,140,-82,74
23476,-63,42,156
3636,1,-108,-151
10344,66,129,-108
7526,109,-142,119
27882,-148,92,135
24949,-87,-47,-22
14507,46,156,-145
22752,-113,88,-127
32342,69,-68,90
518,-32,0,-61
19186,36,99,-125
2373,-72,-147,8
8815,-11,-128,15
225,71,-141,106
4050,-34,6,-94
14547,97,71,20
22793,5,58,-18
19619,68,107,109
22623,-9,-55,39
28013,-3,123,-95
26898,-90,91,153
2519,-14,27,8
6548,-49,-95,106
11040,-14,-119,-72
19956,22,-126,-54
2851,-115,-30,-66
6062,133,6,126
5322,24,50,82
11948,134,-36,79
3393,-125,-56,-111
12930,47,-59,130
30415,-94,115,41
3296,-41,-65,-41
31524,-59,-61,10
3365,9,74,-15
15828,-21,104,113
1514,-67,20,-89
6513,-156,63,-124
14446,-144,-96,101
3581,-36,139,-139
22312,94,-150,2
7732,78,49,-4
3290,70,-116,-145
5259,-73,-145,109
32366,84,-132,119
8376,-1,-33,-133
26287,124,-35,131
21409,-130,-133,90
27654,-27,14,53
31781,-58,-63,46
30407,-34,66,-138
32494,142,-53,-75
8862,-30,-127,110
18252,-17,-152,-55
16292,-101,-56,45
6134,151,-67,-114
28186,134,-37,-133
27216,134,22,-40
22919,-78,32,-96
21011,10,-77,-133
5609,88,34,106
15672,-13,117,83
27499,140,-152,-84
7450,1,-68,60
15980,1,-27,151
27785,-77,81,91
495,-7,76,88
7343,-114,-19,-33
22056,149,142,107
12144,-139,-137,121
3169,-146,95,70
9221,21,89,-58
18217,150,-107,134
15083,40,-16,112
29532,25,-123,7
9072,59,46,14
28755,-45,112,-107
13419,122,87,-86
7046,68,114,69
10079,-95,-141,155
12053,97,144,-77
11509,-143,-41,-57
16955,35,-24,-103
26818,27,156,-129
11616,46,26,-94
30802,13,36,25
28286,-145,27,154
28489,56,127,0
29282,31,118,129
30668,-98,14,27
30193,85,24,-51
24693,-122,83,135
27274,-66,-2,72
12781,-46,18,25
26679,-125,-153,-100
13011,-44,-113,-98
28915,135,-150,118
15055,-35,107,-82
26035,22,-149,-101
11271,14,-139,-36
12100,120,64,-150
13753,-93,136,-88
1089,-40,-105,95
11977,27,-74,106
18699,99,-53,-66
27463,13,51,-19
20180,-89,-9,80
30397,16,-92,113
17206,132,-31,-57
22488,-42,-139,-111
23068,-155,40,-26
31004,-5,-154,75
6001,-44,128,74
25652,1,-27,-125
7794,-128,-68,119
17666,87,-46,141
15579,-93,-137,-143
14481,99,35,-38
17109,-104,65,126
11956,-126,-59,154
13498,134,-145,25
5053,79,-74,99
1931,-125,74,-136
1309,-85,56,118
14052,53,34,-134
24879,-33,-127,-12
9567,99,155,102
25336,-36,116,47
13284,86,-70,-79
29628,-108,82,-113
14739,-70,-113,-95
2318,-142,-38,44
1724,-104,-136,-49
32328,-46,-69,-23
12294,-104,120,-68
8194,-154,8,77
16002,143,-110,-61
20898,123,-66,-82
17942,112,-39,121
24301,-82,-95,84
21958,97,-97,-18
8882,137,-23,-153
7580,-128,-20,141
7070,113,120,115
27813,82,71,-149
30869,-72,79,-37
22091,17,113,2
17714,-90,-131,-139
24987,-88,-39,138
16947,73,-106,141
13588,66,-84,-76
17001,21,76,41
25788,-157,-21,-129
25496,-46,109,-101
10578,52,-95,-101
29530,31,123,44
1292,-60,90,-111
9513,-96,152,66
14908,-41,-32,-127
6405,-130,-148,-148
20373,-93,73,-26
23815,15,-12,71
1990,71,-93,-80
1703,-53,61,34
4904,24,30,-118
14626,-106,144,-120
14884,-71,-103,-27
19422,92,81,20
29150,95,151,-149
5926,118,89,85
17579,11,-39,-119
22522,-71,8,-87
27428,-68,-62,-114
7075,5,149,152
19887,64,-105,153
30775,-15,111,13
25779,-58,-142,-77
3909,-21,136,-134
12741,131,-114,99
32565,-67,56,-68
12375,104,-81,130
29336,3,36,-46
1076,27,59,-80
24046,-31,152,80
6604,13,98,126
7781,113,-28,-143
11089,-97,-85,156
23979,-76,-108,63
27953,131,42,-41
10817,-95,-89,-76
27959,13,-56,-37
30507,62,123,-84
19089,83,-102,-44
20511,-103,80,-64
273,-154,-81,141
13014,65,79,-51
1807,11,98,-2
18770,-36,39,72
4151,-45,-50,52
2569,-77,49,-108
8519,-94,-130,75
6919,20,-130,-66
18253,123,24,-107
18323,-102,-32,-76
12374,58,78,152
21243,-36,40,55
25919,-142,20,-91
29637,-124,39,48
28006,-83,-68,-136
20947,-135,65,-121
8206,61,-152,-63
3233,109,119,-123
12191,-16,-72,-125
6671,-119,154,102
32254,-118,-3,154
16159,-105,-65,86
18381,-16,5,-106
30165,-9,-20,-70
29331,-49,25,-45
29310,-7,1,132
16309,-22,-95,66
7465,78,105,-119
32149,3,-121,-78
17405,66,70,-110
25437,138,-137,137
13025,146,34,-13
4149,-52,-147,16
10699,-32,73,109
15470,26,117,39
12594,116,17,99
21714,-76,-36,108
1052,-136,-27,95
7536,-56,61,-94
16533,90,9,38
26232,-132,-27,58
30132,131,-67,24
5039,57,-27,-151
30187,37,-16,53
18182,-22,70,-145
24569,21,-34,-23
5909,-96,12,-35
18103,-114,140,-102
12678,47,43,-142
590,18,-46,136
6425,92,2,30
4639,92,-118,75
29245,-118,94,76
2709,-57,86,4
2722,50,-116,-143
9310,-49,85,-77
7474,-50,25,-149
12368,144,79,114
8770,-117,-65,140
24284,-114,115,26
30209,11,110,29
5074,131,-87,-93
2801,140,149,38
3198,42,-13,152
8538,-38,47,130
15465,111,-94,-20
25442,111,21,-6
4165,-87,-49,-123
20704,-25,-44,43
23443,95,4,-30
11783,99,70,8
1885,123,14,19
28681,110,-102,-14
8026,91,121,-6
9525,121,6,6
26451,-117,150,-151
1318,-29,-86,109
21898,-18,133,1
2531,-46,89,45
1183,57,-102,-110
28133,91,36,27
14315,-99,-76,82
24627,96,-26,53
29111,46,-28,123
21622,-50,61,-68
4521,98,-60,-23
21190,-90,18,96
5699,-51,-112,100
22002,-25,49,-52
1550,-107,87,28
29572,-94,22,96
12509,-96,-35,-125
16756,68,154,99
5408,37,84,104
19687,148,-135,-108
27894,96,65,-23
6143,130,114,30
26510,81,-92,-110
1504,-121,-114,24
24252,105,9,16
17936,-111,-24,-35
27538,-55,62,104
8611,-7,-50,-88
89,125,-25,-92
20583,145,127,-18
8263,-95,-94,-59
30790,14,-9,97
26688,39,126,-47
4837,-148,-57,-45
12230,64,-22,21
32093,80,-113,117
388,-71,-59,32
16818,131,11,-82
31609,-64,-105,145
2295,-134,55,-150
20673,103,115,-52
29176,59,-113,-113
30135,55,57,-61
5138,-110,-91,-54
2422,-26,2,63
16499,-129,-133,155
32694,54,-72,57
27172,-117,-25,145
23559,-48,-84,152
23923,143,-5,-6
3928,76,123,-94
5765,-41,-23,26
6558,92,96,123
32219,-108,-21,146
31306,8,-37,146
16803,69,103,130
26261,-64,127,126
26149,-94,125,2
18609,-130,1,4
10073,-14,5,41
2783,134,-117,46
27506,-121,91,-127
25083,-123,121,-79
17890,2,-8,150
17158,38,3,-54
29117,46,20,-149
11482,-75,-59,-154
1863,-83,-141,-134
3653,-145,-133,84
11592,114,-134,-156
5321,-53,-36,46
676,138,13,95
24054,-44,-131,-25
1198,-131,-96,120
19238,-129,-99,153
10931,92,5,-88
11663,128,-81,58
24694,55,77,-86
372,59,134,99
167,-30,36,-84
21644,29,-32,-45
22114,-151,155,66
20612,-102,-104,151
24158,93,-34,53
24547,-117,53,91
1268,-12,56,-110
20748,80,109,33
9860,26,-49,-149
5849,-105,130,45
23922,-43,63,-32
7945,89,-96,144
29398,-65,19,136
27530,138,-118,129
2265,-10,-141,84
29575,32,119,-82
15827,-93,87,-22
26481,97,104,-147
8556,10,-82,-13
15107,-17,-152,151
13199,6,10,-66
16784,91,115,-1
16898,-29,-35,99
22980,-92,147,93
17795,-84,-146,87
14970,-44,-92,-78
5836,71,43,105
24367,-113,39,17
11182,104,-35,-126
7347,23,-85,153
31115,83,-64,143
15850,103,-93,-34
3614,-56,-100,-120
16005,-102,94,88
16181,123,-123,134
2089,-61,117,90
7845,0,131,-137
15638,-119,13,-52
31546,9,-44,146
12247,-141,-148,-15
18824,85,-27,104
18209,91,2,-65
25030,-55,-120,54
27842,43,105,12
4225,106,34,-82
7016,-38,-3,-58
23586,-107,-105,73
29895,-118,-156,113
11562,-47,134,-12
9402,128,126,82
6843,-31,-12,-134
13323,-138,123,50
10223,-110,-67,-124
29323,140,-119,75
20013,-70,76,-98
8782,74,-95,-116
12638,-16,58,50
4513,146,103,72
32237,-47,-112,79
29501,116,83,130
17591,127,47,-63
10884,-95,117,-20
26505,-65,-131,-56
12623,53,51,16
5149,-117,-117,-128
9257,-54,90,-105
8290,-47,-153,95
26587,156,66,25
1528,-122,-126,122
7327,-10,-93,-6
24323,-1,99,2
13882,82,150,125
4824,96,17,-33
31591,-144,52,-120
20626,-83,-146,-37
4649,101,-8,-84
3151,-137,146,-105
28771,42,-95,124
1450,-21,-24,-34
16035,108,84,103
16614,-41,-41,-1
27147,100,-61,-132
11935,-156,-33,51
32024,98,147,-70
11911,-67,-59,90
24193,101,121,-157
19772,-100,145,19
365,40,32,11
4480,-12,61,146
347,-27,-109,138
18712,35,-69,-84
30157,120,-77,-7
9176,-149,-144,50
1468,-1,105,134
2271,-104,65,-15
10929,-20,-82,84
7619,-58,153,-115
19818,-93,-35,-9
1781,-73,28,121
19012,-151,154,85
4521,-112,8,141
9853,84,-15,124
11024,87,-142,-24
1635,15,-70,67
10015,151,-117,-8
15876,72,26,-5
12433,85,-128,96
10493,-156,-55,155
9732,-116,90,-104
22884,-118,-49,-57
31486,59,-23,50
14133,-105,-71,-155
20753,2,-104,42
27462,138,-40,-40
15479,66,22,-113
15607,19,19,-38
23828,30,-26,-132
2536,46,-106,120
28636,78,-145,54
28070,-94,-112,-63
19105,-74,-6,-82
16657,-65,30,-33
10743,-137,11,-86
31906,25,70,-11
6750,-69,-157,-86
24060,26,-105,74
22626,93,-28,-57
22203,156,-101,112
19078,96,93,75
32701,-91,93,106
12122,8,15,85
284,-74,19,150
23004,-41,31,-42
18462,5,-108,47
21509,-105,-55,65
26020,146,67,-144
32479,-140,118,106
23795,30,-82,-92
31243,69,38,-109
7016,-122,52,-48
27265,-25,-66,-96
24384,64,-157,-31
13145,23,99,-145
21650,-111,32,120
15966,79,-87,101
29850,-6,72,138
8919,-138,-3,99
393,-4,-100,-41
6858,-76,-11,37
12018,-57,-151,-50
7687,90,-117,4
30081,-16,-81,135
21704,104,-137,-8
1667,-57,-73,-127
6646,141,1,135
25282,142,-69,-72
23911,-8,-48,-134
20778,-147,-46,155
22318,-99,-142,13
2465,-75,-117,-69
6179,41,94,-43
5493,38,-23,129
12524,-68,63,86
32361,29,9,74
4074,91,72,108
24008,31,-11,152
6675,96,-3,12
31771,-51,138,125
29600,129,-135,-90
21879,140,103,42
22121,-62,75,-129
32096,-40,-85,48
28967,-141,-49,8
12335,143,71,-85
29121,51,-55,83
15910,-139,17,-71
22984,-156,-152,66
14687,-112,-142,-82
6059,47,-61,-89
17380,93,63,-48
14736,27,-133,61
3443,75,139,-18
27420,71,94,53
23592,-121,64,82
31403,-9,-138,-66
1976,112,74,-43
16728,-150,-107,115
21432,58,-120,-41
22638,-62,-59,-123
6975,-127,149,-81
17547,-1,-96,52
18160,126,-100,-58
28017,39,19,61
17840,143,33,111
29716,95,-145,25
2728,42,-99,-106
18132,110,-85,-89
14955,-154,97,-65
10158,-99,45,16
16511,-7,-92,-11
11160,-31,-134,-124
730,145,30,135
26630,-72,14,93
21474,53,-147,-109
9393,154,37,-60
1525,-39,27,-25
1271,136,-97,-8
4472,-37,120,-64
21707,-139,-42,78
1609,74,-138,-106
5132,149,-9,-132
31768,-39,119,-6
18232,-36,50,-124
6918,2,-49,153
5674,141,61,-84
21598,-95,-124,-96
19765,152,88,103
4587,-102,-149,-22
5522,-84,-41,-74
3834,50,106,-1
29728,-81,-88,114
865,80,-7,-32
20212,89,116,-65
16903,-154,57,121
24517,51,-146,-60
14644,-132,2,-90
60,-132,63,7
9754,-131,-154,-15
32348,101,-15,149
20544,-44,88,135
31569,-2,93,19
2969,-66,-143,-91
7140,79,-86,-97
25021,-70,-80,-142
12960,33,6,-29
30853,25,-90,48
3909,-15,77,0
17852,45,-85,-116
31673,-79,-118,-95
3397,-101,22,-148
26340,-9,140,-26
4217,-87,-108,-110
29853,-82,62,-119
24763,-48,-133,140
26387,133,-63,-53
3951,135,-29,155
31629,-88,150,-99
11689,-1,-114,2
27057,45,135,98
24994,-138,56,92
6719,79,71,45
28013,-15,11,123
26940,-148,53,104
11614,148,-80,146
2731,-62,-52,-46
23579,37,48,-3
21363,-119,105,-26
14975,-72,-34,-131
18586,-4,100,121
6469,-42,140,156
30367,-14,-152,10
28329,6,-49,35
4391,48,40,-121
19110,39,87,-142
1319,14,-141,-69
20454,55,-122,-155
6975,91,119,-52
29223,-18,-118,-118
14273,106,-129,-128
28662,-93,-143,98
13434,-19,-23,-24
30821,130,-79,148
18462,79,109,149
26287,34,35,-18
11946,140,-150,130
5204,150,82,54
1825,127,119,28
30308,-148,-33,91
6216,139,-66,20
11199,10,-153,-121
30187,-51,-18,-102
28412,46,28,87
25375,119,66,12
29475,-96,82,35
23086,-25,-25,85
10315,-49,9,137
27929,86,-133,-116
30496,74,-105,-132
11968,-101,140,-63
19976,33,-52,84
25152,17,-71,-115
29671,112,-27,136
3533,47,-60,-105
22032,-45,148,-58
25415,-111,4,141
9782,-77,113,-61
27776,89,-25,85
1474,137,-118,-18
24244,56,-117,-153
5866,-75,153,151
2728,96,-41,5
6847,-112,71,-20
17380,77,-86,121
26961,-2,104,0
31153,140,142,22
2023,-22,29,96
5969,124,92,19
15682,105,-38,-20
16502,-69,46,131
6107,16,-91,-7
18979,-108,154,-31
27322,-76,-59,136
24048,-22,-104,-30
17904,55,-59,67
4984,92,-82,-68
30265,-51,67,39
12429,134,109,126
31757,47,-90,70
15755,-139,105,147
13927,-37,-9,110
22377,144,0,111
24349,-71,-127,-40
10882,119,35,-155
21926,-73,-76,152
29376,129,75,-47
23551,-68,-96,-52
6973,19,47,-135
26922,11,87,25
3662,12,52,-99
1865,82,130,-141
24791,-156,6,2
27566,-49,-157,48
31636,118,-20,-43
31543,-10,128,33
17107,48,154,77
12613,103,-63,89
24928,9,-147,-57
10157,13,-70,23
7364,102,-18,-10
3436,-76,38,-25
21898,-41,-11,131
20589,-152,117,15
2673,-84,-155,-87
4945,13,8,23
30511,-63,-69,44
4226,107,147,-136
7699,96,53,102
15863,-127,-3,-139
5765,45,-34,-35
20013,60,123,-153
1316,66,-101,31
31227,70,-145,7
31514,-153,-124,145
28637,-42,61,72
15209,-88,9,108
15949,-69,-123,-28
27848,-65,72,-87
30392,-45,115,-25
8380,-34,-56,-98
4517,-117,147,-79
25369,-87,-86,-150
22267,44,41,133
12189,15,-35,-93
10040,86,90,20
21503,108,-136,-62
15935,-154,-114,-70
14797,-132,70,-14
25026,27,-126,127
32170,5,-64,136
22314,72,7,-95
13962,-57,-73,-81
10286,-69,-130,-151
11519,86,26,92
4203,125,119,-119
5943,-85,71,-127
18399,-50,-139,-146
29918,107,-14,-145
20362,116,-127,3
7915,29,128,-146
29314,-69,18,-6
6843,-140,133,54
4371,57,-85,-128
5144,-123,-111,131
26007,-157,-129,-144
16210,144,-98,-44
16522,-125,-17,64
28123,80,35,-36
11525,-3,134,-19
12215,-56,155,113
16304,150,-152,93
25866,-65,-10,-52
9984,83,141,101
11268,-25,97,115
29820,40,-144,136
13761,-123,-34,-1
25249,70,31,-148
17647,-40,-9,-131
21342,24,61,-72
28387,-20,132,-145
6691,72,-107,-153
22530,85,-125,78
16054,-71,81,93
31574,-23,-104,-44
17238,118,-5,96
28768,105,116,66
20309,109,-54,144
2684,26,120,-5
5383,129,-18,-57
8607,-115,-6,-110
2218,-116,-152,116
27020,-84,21,-32
29529,47,-152,65
6712,54,-114,69
20260,-84,-53,-44
1875,-17,69,-22
25584,-129,98,-150
4795,56,-136,-15
29930,-94,59,90
23335,-113,31,-123
15162,45,-56,60
17434,68,-136,12
21879,94,-62,-26
27120,4,114,0
27676,97,-44,-2
18538,4,107,69
24480,-41,-10,15
26044,45,-122,-2
14058,-20,95,-41
30287,87,114,-156
24215,-140,-101,58
16081,-81,-103,155
31276,33,130,-19
20727,48,-120,-68
6496,-97,24,-17
23947,119,148,49
2444,113,110,-114
17006,115,130,10
21043,93,47,-10
24377,-135,4,-30
4234,-115,112,-85
19312,82,-121,-23
14980,104,33,8
24162,35,21,16
28627,8,-156,31
18501,-101,66,-96
15150,57,26,-87
7080,-101,136,-21
30661,115,77,12
24866,110,87,-152
15222,-5,8,121
21061,131,36,-126
8324,-104,148,88
3460,131,-100,108
6935,-14,135,-33
108,-109,-68,65
31415,65,123,155
2299,-31,-80,-14
16215,45,112,-3
13913,-155,-17,153
5678,-10,84,130
13836,-91,24,36
28981,41,-136,120
11758,104,96,23
19752,-132,-17,-146
21782,125,10,-123
28341,-149,-133,146
19276,-20,-98,-109
8643,-35,110,105
20777,155,102,141
8677,51,-52,-124
30730,-140,96,-78
23259,108,30,28
1992,5,-110,-107
18045,-84,-103,30
26572,153,112,-88
6456,32,-37,-84
6996,-93,6,54
8997,17,-61,-149
18806,-79,96,18
4860,-112,80,119
26194,14,137,-101
17987,10,-95,109
25115,55,29,-130
19035,78,61,-102
3945,-21,-34,-2
7669,-41,31,-108
26895,-87,-137,6
21037,122,-49,122
31341,71,-135,-114
24678,-10,122,93
21260,-98,134,90
23059,85,143,-135
18306,58,46,66
30609,48,-137,34
28593,53,-111,-88
20793,-44,139,110
7099,-18,97,12
4927,-6,-15,105
23755,135,65,21
1853,130,-18,-134
29169,140,-136,6
30389,62,-150,-86
20742,-99,-101,78
14749,-110,76,77
10195,-41,143,120
32189,6,31,-7
20144,-127,88,39
4155,-19,127,55
264,52,2,-126
25207,-38,47,77
13437,-108,103,-99
30733,22,44,-29
12350,18,79,-155
12281,-101,36,14
13970,-152,71,-115
26944,-69,128,-103
3530,26,-85,-117
5260,-77,109,-151
7037,-47,-132,-118
2595,-108,-131,-73
5597,-35,-71,-114
21603,-44,-156,-65
6657,103,-108,5
14454,-79,79,-21
9215,118,-146,21
28225,110,89,-42
20697,101,-69,37
10586,85,77,50
3201,155,-49,119
19371,19,-126,74
20842,9,-27,106
17651,89,120,156
10067,-65,98,-96
28635,85,55,127
15997,-124,148,77
31498,-59,-123,-147
21417,-150,-78,123
8587,-49,-8,66
21251,91,56,2
26626,145,23,51
21008,122,-10,4
6063,150,-144,74
20720,-46,142,-116
15150,131,-16,10
15892,-41,17,62
2904,-88,55,-146
16116,-13,146,-92
5980,113,123,9
29418,123,-18,-102
9235,-135,77,-37
15027,-49,-113,-132
20985,-28,-97,-20
1151,115,142,-26
13204,9,-140,83
5844,61,-91,-48
25402,26,-57,-71
30061,-97,2,110
29091,-11,-118,150
14134,-20,-56,71
3939,-51,-95,-113
21752,-34,56,-15
12457,36,-142,-41
6572,81,45,-119
26857,-47,120,-56
16090,15,1,-122
27137,90,-112,12
21492,147,-5,-1
8710,83,151,-73
32641,-16,-62,12
18290,35,26,-41
18905,155,-124,24
25250,76,31,96
7165,73,81,61
18288,-50,-138,76
32675,115,-129,-16
7639,-114,154,-89
3786,-106,23,8
27604,59,147,-110
15451,96,-52,-146
10492,44,126,65
5651,-144,-58,-78
6380,24,-38,118
22231,-151,155,-43
30512,116,43,-24
7426,-156,150,71
6817,-146,140,118
1130,-56,-30,-133
17706,-94,-24,-64
9586,-40,-105,-12
10323,30,140,84
15941,-25,-133,-149
28935,-108,136,7
21637,-115,79,120
25432,-137,-119,-151
2105,-153,38,94
8770,-147,-58,-145
4491,3,128,-62
19716,57,8,68
30973,-66,-150,-98
21131,8,-39,139
22786,-92,-147,-83
24570,-62,101,76
2351,-83,-138,-84
19896,138,-62,150
10096,-6,28,-133
2826,54,82,-141
12396,106,-61,-15
23505,129,-60,-148
13909,-144,-47,-128
14991,-110,82,-155
7817,100,94,141
13552,137,-104,-114
21011,18,-131,78
9778,-81,28,85
387,86,-118,110
14234,-137,-79,-7
31020,-51,85,147
16216,-121,-34,81
12069,13,-82,112
13953,-153,-127,-82
29614,154,31,8
4209,-14,-74,-118
18816,52,13,112
26023,-26,-145,-55
10469,-35,113,145
12948,132,84,-69
24262,146,33,154
27392,-134,101,-28
7402,-143,60,42
5209,114,-47,7
10118,-15,-42,31
20864,-38,141,123
29294,-98,91,-79
28434,-78,-20,-157
1726,154,-49,3
14764,62,70,103
24830,-78,144,27
28921,136,-10,-47
27105,67,-144,-19
19669,74,107,79
27326,-6,-42,-145
6945,33,28,56
3180,91,67,-155
3072,45,-4,-105
12302,154,138,-128
4136,148,150,-7
23878,87,130,96
28173,75,-26,-21
23070,133,-27,-32
2397,-30,147,-70
17711,-68,12,-116
13063,-47,-44,80
10032,102,-103,63
11023,97,-47,135
9378,-40,-114,90
26498,-98,-42,94
31966,-153,-25,112
13489,142,-139,21
5560,149,14,-144
4383,7,-91,-9
27959,-155,98,-152
12970,-81,62,41
8533,23,-39,-154
18538,-145,-138,-151
14631,-137,-73,4
22561,-100,-154,-50
5940,-117,-104,-97
873,94,-125,-79
22406,116,-119,119
10202,-37,123,-117
7009,154,-100,131
298,-95,70,-63
26048,53,-122,-44
22255,142,82,105
21863,19,-136,-141
16117,-47,-148,-68
32396,-100,23,-41
16837,71,90,-77
6368,150,-121,-129
4550,-87,-113,87
4880,55,101,55
5062,20,-128,-23
15973,28,-39,27
26843,76,56,39
22783,143,28,151
22978,26,-118,148
20665,100,-156,-139
26259,87,52,149
32210,-129,-155,113
11845,48,124,35
20864,17,63,-122
18452,-91,22,-135
10403,117,135,141
18920,-87,-26,-114
30118,-53,-55,-15
6731,-113,120,-72
3405,130,-39,98
13218,-39,-138,-151
6911,21,128,103
32516,103,-116,-132
11126,-16,-59,-87
20648,47,118,67
3266,-140,-33,82
31083,-139,31,93
575,-121,120,-94
5646,-137,39,-48
13450,129,-27,-18
26378,7,-155,-78
16167,10,-72,-122
31411,62,98,131
12143,-50,-143,-29
10822,-16,145,31
9114,80,64,-24
27247,87,-43,-51
31592,-38,52,-100
28521,-124,25,148
29677,-133,-3,8
11795,-129,28,66
7134,42,121,77
7926,69,-68,-42
15174,-41,97,51
6125,-21,-74,-137
31510,146,-27,38
22488,9,-72,-147
8898,5,-2,-29
29483,-74,-151,-40
6423,8,-71,56
22314,62,59,-106
1427,84,-79,-57
21987,24,101,-110
27839,94,-41,-55
26505,152,55,6
31538,146,136,-157
22735,-51,-9,110
26748,-127,123,-35
25894,112,36,1
7382,97,-35,-97
29907,-34,-76,134
9919,-130,-84,-144
14720,72,109,135
23984,-90,-40,-42
9446,-68,154,-6
16809,28,28,-130
11764,45,14,-98
22830,-63,93,-2
28025,-42,135,-79
1469,-101,-129,-92
30160,26,130,-98
16817,-101,20,151
8746,-73,65,142
6756,38,-99,-75
11651,92,-66,-152
1779,-52,54,106
14685,-142,122,-152
12354,39,-132,88
31559,-109,-28,69
21467,-122,116,84
3380,-108,43,2
9351,-62,-87,-14
30720,-67,-132,84
31045,24,95,-118
30100,95,-31,-20
32119,68,-89,-12
21632,32,7,15
32375,-111,-65,59
14309,-48,156,-32
13181,-119,-4,126
31923,-103,-40,-87
29621,-58,135,130
19888,-127,109,129
9690,156,74,-118
10819,-124,61,30
4861,-142,-48,73
21194,110,17,-86
6358,-37,108,141
27141,-23,-120,27
4059,-55,47,-87
11306,135,127,-46
17398,44,-72,100
3767,153,-37,144
1018,76,52,-92
2865,-119,67,42
2516,109,-136,-69
29033,11,-127,-143
6658,93,-4,-52
9768,56,-146,133
20329,114,-59,10
25230,-76,-61,-6
14273,156,6,58
11839,-131,-19,-130
26473,100,114,75
6408,30,-118,-125
5405,-108,-101,-112
126,-27,-67,-81
9763,-95,-122,62
11653,-9,-23,-147
23504,-137,-145,68
20536,-6,84,-32
10838,-111,82,-31
26957,-76,-127,-125
30523,59,97,76
32006,82,56,34
30474,27,138,75
9582,-54,-136,-89
18443,-77,139,-75
31674,-100,29,60
2748,-129,-133,-120
3252,6,-124,-116
23000,-103,152,59
18364,-6,56,-139
1886,-43,132,20
9720,-94,113,-42
22856,48,-123,-115
24244,-119,-65,70
11693,74,-71,-60
4709,72,-96,90
7665,-73,132,-136
10126,66,100,105
21180,-47,-82,-15
23426,-29,79,-150
12101,130,-37,123
26085,131,106,119
17785,-70,92,-157
31003,66,126,24
9902,-105,51,117
24247,65,39,-129
7922,66,-75,31
32098,7,92,-104
19218,11,75,-31
14381,-74,-152,-46
13993,153,-152,121
6872,-100,5,-46
22702,-148,-14,142
1296,-66,-9,-81
25399,64,17,-32
12482,-7,58,115
6223,-107,-25,110
9411,79,-59,41
326,93,4,-133
17779,-2,-65,32
11329,16,-12,135
7808,99,17,-79
18720,112,-126,-140
7681,124,123,-13
8034,-119,120,-21
14752,104,-124,34
20260,-14,-107,143
14132,75,-84,-119
23478,-76,145,16
2767,9,-7,-59
21246,89,-14,-152
4356,44,48,119
24325,75,-19,11
1429,12,-141,-64
23718,74,34,120
21064,-101,77,15
13668,25,24,-86
30537,4,-44,28
15116,54,44,-91
21757,51,12,-131
10937,-75,10,21
24186,105,-150,-9
20568,-136,68,154
14212,-137,-15,-81
15838,148,-32,115
15529,-96,36,65
14395,49,126,43
16306,140,61,142
2350,-147,23,35
9364,-91,-129,51
30453,-132,-36,121
7142,105,72,-84
30551,49,101,80
31482,-13,4,78
8225,109,-14,-135
28367,1,33,-138
16013,-19,21,-50
9194,49,-4,60
18950,-78,155,-140
7659,128,147,102
28310,-99,151,-142
10033,-81,24,-82
14928,-116,-142,141
817,143,-111,87
28821,90,-117,31
27387,9,130,135
19261,68,-143,-16
3682,-99,96,113
12588,-78,53,-105
24180,-154,-155,-73
26315,-61,-89,-113
17563,141,-50,-120
29730,150,94,-43
6968,-64,131,-144
12255,-15,-150,-101
22360,104,-58,41
12828,-29,7,109
32145,21,-15,-136
27863,106,-37,75
19148,26,-115,0
30166,33,-72,80
28092,-88,68,25
30658,125,106,-131
15952,22,-104,-81
21490,-149,-128,1
486,126,48,115
19260,-108,-29,49
6694,-33,-127,-131
7255,-18,40,-22
3092,-94,-140,-148
6891,-73,-33,-43
15767,-118,-148,128
29703,-4,67,144
21546,114,11,103
2585,55,-82,124
18918,-157,-150,60
3184,-17,27,-69
3119,-114,-93,-149
4864,-55,-77,10
27393,36,-77,99
28178,145,91,-20
25490,-118,37,29
13249,123,73,98
1824,53,76,-104
15391,-101,-110,126
14491,24,122,-42
21072,141,-153,112
27449,-6,-97,-4
19063,-25,-114,-50
22789,129,140,110
30952,117,35,-119
13163,154,18,-64
27557,-24,89,17
27979,71,25,-125
13438,-15,23,67
20082,88,7,132
5842,-113,57,-102
7100,49,-14,147
14661,-77,-78,85
25439,-2,-51,65
23874,101,45,-86
15165,-77,-43,53
20110,-20,-152,-32
22947,0,12,-105
26156,-40,-121,3
28269,20,84,55
23063,48,17,46
3107,-49,-68,23
2550,57,128,-151
18898,-64,-96,-61
30368,-123,-17,13
894,-13,7,-95
22731,114,140,71
8931,103,-107,141
2053,39,-64,-135
23778,-109,134,-70
26734,-125,143,126
1284,133,-156,155
13691,-110,-18,56
24289,-98,100,-28
15757,117,91,151
14671,140,-52,-99
10404,-61,-35,-100
21050,107,-29,-108
27916,147,-43,32
20675,39,121,124
6515,36,-108,82
32568,77,-7,13
3973,-39,9,94
15980,6,-133,-25
18477,18,-131,-97
23598,-40,1,127
19269,-118,-23,-54
6652,16,13,131
18666,-134,91,63
31249,-65,-44,32
13168,-107,-75,113
22005,-94,-111,34
22596,14,-104,37
10812,-47,-24,156
20561,-13,50,-145
30395,-61,148,-4
2001,-138,155,-46
17687,112,51,-111
27284,155,154,-145
18061,-31,-47,-12
16180,-23,-119,-2
2352,-110,35,-126
5633,-39,61,102
15043,125,101,80
21131,-67,76,-10
18539,-140,70,141
9648,-85,91,-52
14992,-143,-32,-98
24958,3,-151,75
11572,-56,-55,-120
12486,9,-73,56
7907,128,33,57
3358,-96,18,-60
27018,43,-150,116
24523,-14,-86,-119
25205,-121,-15,-100
31991,-84,-130,49
10995,-147,153,-28
18478,65,64,-15
13393,-94,-78,-57
23383,-51,-25,-57
1524,-66,-11,37
18419,38,-148,-85
22057,77,115,-124
9426,-77,-155,-138
7994,-63,-109,-98
19337,76,121,-60
467,-102,-69,94
28962,-15,-55,0
26544,-117,-77,-30
21559,64,94,65
27469,-48,-21,32
13948,14,-55,49
18716,119,124,-53
20684,-105,-99,-80
30241,-5,98,55
12023,-89,99,-79
30618,-148,136,-124
21372,-61,-28,-128
27537,81,88,149
20597,93,67,33
1605,16,87,-53
32195,78,-54,-118
20202,-71,-91,26
25149,67,93,98
180,76,152,-127
6109,82,120,-121
6998,112,-98,-2
10309,-94,-26,154
2930,-11,5,-65
28598,65,-30,-9
30258,-6,-38,-109
4154,-92,-138,-65
9601,140,120,155
1683,22,88,80
7680,-46,-96,21
2909,98,44,117
1052,60,117,141
23288,-37,-97,33
29535,-102,23,95
27129,-142,51,-129
23434,-132,70,-65
29329,-39,85,-90
31099,-107,55,149
3311,-96,93,88
3255,33,-54,-118
22145,14,-12,-18
17394,-96,17,-37
15887,112,-21,96
7965,-100,114,-9
19238,93,145,70
22364,-47,-57,77
2830,73,-75,-156
25542,-107,-121,37
27355,-120,42,29
4306,-112,-1,42
23674,-80,-88,-136
23699,115,81,107
31808,68,27,-39
12242,-21,106,91
29900,86,55,-25
1739,54,82,127
5269,-67,69,-19
13594,-122,-42,122
27073,-20,-1,-26
27328,-131,94,-57
28490,-116,-29,-63
32089,28,-130,-124
20277,-83,20,24
14538,-68,76,-107
14252,-108,116,-87
18033,-96,-152,79
9763,145,-39,-136
7961,24,60,32
16716,156,-2,125
4667,140,92,145
5194,75,77,60
32373,108,55,-96
29664,-130,64,-8
25340,133,141,65
20478,84,107,129
15193,-47,-154,-138
17992,-49,-100,122
26283,-2,145,-151
14124,130,-24,16
28341,-108,101,-86
29508,14,132,120
13506,41,70,-4
17487,-123,-98,48
1082,155,66,-73
8271,7,-104,-114
10615,-73,8,145
14418,77,-13,6
4734,-13,118,86
16858,79,-76,60
23086,108,-30,-129
7914,136,-66,75
5573,-101,-154,40
18662,-92,96,-19
6318,88,80,-92
25161,72,143,23
27531,-49,126,-62
22870,-87,-37,-45
27487,-75,72,65
11237,-30,18,17
26624,-149,149,140
5460,-1,-67,139
20110,109,49,46
2842,71,145,121
28556,117,-36,-2
27906,34,-14,-52
31726,62,-66,86
20804,-47,121,-124
31523,-90,-94,-44
8842,29,-68,39
11069,13,127,148
29136,-57,-145,-100
3205,-83,-101,57
6055,-88,89,-44
16515,-77,71,154
3329,148,111,109
11617,41,115,36
15160,88,-146,57
31498,-45,-88,-144
13493,-43,-120,16
20288,-29,132,-42
13464,85,-63,-97
7778,115,-121,-53
22098,-109,35,88
27930,111,8,-136
17896,-15,-67,50
1916,-134,18,-56
20487,90,137,-92
19844,-3,-122,-102
8341,78,27,103
29168,117,49,90
12096,51,125,141
25392,-155,-114,149
18373,-64,15,71
23987,86,98,76
17191,28,97,131
19482,43,133,-119
15709,31,54,98
15968,33,119,-22
17559,-148,-28,11
3872,126,35,27
4890,154,-121,15
5321,21,-42,-76
9935,-113,136,111
32739,118,-143,75
32365,-54,22,-136
6474,-57,-145,90
9718,-31,152,152
19195,-112,108,30
28032,16,146,28
31538,66,-37,9
10654,114,-74,140
29472,-37,-86,104
29467,124,-151,-60
13725,9,52,-56
111,-144,-17,106
31333,18,66,78
13421,52,132,55
12811,30,-75,-67
17752,-19,96,-35
21960,88,133,-58
7068,-9,-153,-107
7651,-17,61,-110
3079,16,110,23
12367,-53,84,150
19542,-11,143,-23
30557,67,-87,74
24768,56,156,-36
27791,17,44,-12
716,148,7,41
11343,-136,69,127
20759,-81,-103,154
4593,135,108,72
21632,-127,137,-134
11145,49,14,15
10671,-149,5,137
24419,-66,118,-59
5261,-97,121,108
28986,-11,-59,-21
31540,-149,46,-44
25793,89,100,10
28137,140,55,34
23310,-103,123,-47
8330,-99,131,-136
12124,27,39,-61
15228,-103,130,153
11242,-46,65,28
13150,-156,150,134
13046,-36,-112,-31
13455,150,-83,-75
8452,-35,-128,135
1797,-118,-60,82
17553,114,1,109
21729,44,-109,77
26197,-37,-64,60
9200,-22,-17,-135
15305,-13,81,-26
13416,57,155,96
7369,78,-118,-47
19658,132,35,55
24826,-62,33,61
31058,118,148,114
14227,-31,16,-139
15678,87,-38,47
11496,87,113,-4
12882,-64,147,19
31281,116,38,-117
3487,-119,-130,32
943,-18,-76,91
14474,82,-42,37
17690,-37,54,-78
8758,-152,-57,14
15190,-133,-56,-109
7232,10,50,-137
24452,1,-80,12
16588,143,-103,126
17439,-65,148,3
28089,141,117,-100
27490,1,-141,39
5578,-141,122,-72
5225,-74,5,-152
21105,104,-103,-26
17178,-132,5,102
31251,8,-48,-49
32588,-94,128,87
347,-145,-115,-103
18906,-24,67,-16
6751,153,-58,-60
3413,-97,-43,145
22380,-66,-81,1
243,-125,73,-51
16949,-21,-149,2
25980,-85,-31,64
15043,128,10,103
29768,69,-37,24
4290,47,137,-83
20978,-39,18,33
21480,-70,-145,-113
20412,-118,-120,98
25186,-73,150,-107
26591,156,52,-128
13150,51,-138,85
32383,74,113,130
12083,102,-69,35
27893,133,102,-50
24506,-51,12,10
8973,-52,-18,34
23569,51,-107,115
3622,144,-2,1
26946,-131,43,-86
7707,123,-2,-95
6546,2,-57,141
3678,-83,32,48
31731,-70,53,-122
26774,-19,25,-55
6582,-85,-38,147
11088,104,-101,73
923,149,-124,-105
10703,-59,-130,45
22358,134,-87,-58
15328,105,-127,139
15961,-48,88,7
7488,-102,-3,-151
2755,-123,-145,-103
31132,-117,-5,-53
22466,-17,156,-129
26905,-102,-111,-113
21238,-148,148,76
26959,-2,54,49
4497,-40,21,56
32159,-59,21,62
21715,-56,104,43
30647,87,99,142
23150,-50,-96,15
65,22,65,41
8939,124,-101,-2
3834,131,-18,-10
7621,68,80,-136
3233,128,142,-31
3487,-71,135,4
8052,-124,-96,96
27417,91,-38,153
14845,-146,58,35
14102,136,-24,-18
23525,146,43,66
13908,72,116,-73
27859,86,-25,-28
8923,-147,-86,-126
5277,-102,1,77
7729,-42,-119,-98
6579,61,-81,76
30809,-27,-79,39
8059,149,-140,57
15828,-69,99,87
28073,60,-70,-122
32454,-97,62,-108
12707,91,-39,-6
20423,-104,117,19
19037,-95,-82,33
13824,-136,124,-69
1554,-111,-28,18
20791,120,-133,-139
1691,154,40,-71
3036,71,-46,21
4436,126,79,145
26810,-7,-35,66
29770,-94,-22,-59
2404,42,34,-150
4553,76,46,85
12578,96,-50,-63
9394,70,-58,121
4737,-143,46,-67
23304,-116,-7,106
28101,92,-152,24
1504,154,-2,92
23147,47,54,-123
1945,-67,22,103
3102,106,78,-27
23341,-72,-104,-3
1528,59,131,129
24424,134,97,-110
22630,-42,125,38
28425,-62,10,-103
5823,-134,109,-79
19681,58,41,-118
25164,155,47,-68
29973,78,-98,64
24253,2,-133,90
17456,155,-35,-101
26359,-8,108,-146
113,-65,103,100
15576,33,120,-3
21569,88,-3,142
27196,80,-40,5
31679,-28,-120,83
4515,66,139,-111
10510,113,-83,33
32152,51,75,-87
12769,-116,-99,80
16871,128,-68,64
23593,-98,-146,140
3525,-146,-39,94
6069,-81,-103,91
7569,-131,36,-43
24526,-79,101,-61
22104,-34,87,48
9828,-53,-19,4
26479,-117,146,-83
28401,3,76,61
23294,108,19,73
2082,-14,61,-50
8230,-25,-108,-49
21425,97,-102,-58
26494,-20,-7,56
15096,40,100,-142
5409,-60,-60,70
18740,-80,144,-42
20253,27,-113,40
25444,36,9,-72
25745,100,102,-34
25877,133,9,55
6471,-64,30,104
15791,-12,98,-155
4584,100,-137,129
29552,-66,-54,-24
31117,-101,-81,-71
3506,-55,-64,121
28721,-67,-127,4
21145,61,91,-105
21607,2,-145,17
9846,-111,-108,153
7805,8,-101,41
11825,-36,55,48
20357,-110,-38,-45
3443,43,-145,50
1422,43,85,-92
1216,52,130,126
28113,139,26,105
13222,26,-88,-40
22885,-111,118,-32
31730,-39,-14,-146
8697,15,25,-94
25607,-114,-55,70
10399,116,146,115
15723,-28,135,-152
22447,-105,-94,-151
16946,-7,41,-14
13188,104,-87,-42
14889,-44,98,63
32655,-118,85,107
12314,-52,145,-62
1699,142,-4,89
25785,31,-35,-23
22682,55,-130,-30
6207,134,76,-32
15785,-155,76,-26
30760,-14,0,-57
26057,-5,108,-31
18158,76,54,47
27513,-61,102,-16
6655,117,-61,10
32526,-102,60,85
26093,107,21,156
2779,-130,-68,3
32227,144,40,-129
32273,39,40,116
19599,-7,-14,68
13485,-135,78,84
13164,-12,89,-30
17179,21,-11,108
16045,-129,119,-1
15513,-136,44,9
25705,0,110,-143
21103,140,-60,146
1551,-15,-140,10
30769,-34,-113,54
8365,129,-67,71
15347,-90,120,-118
29380,-126,69,-38
15771,-59,-155,-71
14570,-154,-125,-145
31264,22,4,-45
16722,-40,-82,-138
10074,-54,105,110
11542,-153,-47,-74
23013,-95,11,-71
4850,152,-93,99
17237,135,-54,-26
11420,-126,-48,-137
14494,-70,-146,142
11802,-53,-153,-155
12752,94,50,82
710,19,-121,143
30600,65,29,-97
31696,-56,-31,134
28642,-108,-119,-88
31505,16,141,65
2137,96,-116,146
22656,122,38,39
19082,139,-27,42
16071,144,-52,90
16179,147,-86,79
12491,13,30,-23
27493,126,-112,-96
22881,40,-59,40
30236,-35,91,-133
12979,-129,44,-70
23439,33,-154,98
30739,-142,128,74
4546,131,-31,-96
4730,81,-12,-23
876,49,-123,-25
4198,121,-39,-58
3293,-67,-65,1
13105,74,-73,-9
1656,-121,-155,28
3732,110,97,145
18683,-67,-90,-54
7414,96,27,-68
8,-29,-59,78
13287,-119,-123,-150
20305,41,-106,40
26852,129,-28,49
1591,37,-55,99
4990,-84,-63,132
19771,-68,-156,32
26095,-114,76,-66
17613,-113,108,-108
6944,-100,-54,-36
30978,-43,-94,-15
27235,-92,-156,90
9625,111,-76,145
18194,66,-35,-102
27453,5,-122,136
24098,26,-36,120
21928,142,-139,-47
28569,-25,115,-111
2536,17,-105,-100
13065,104,-43,-129
12496,-83,132,-95
14060,-50,15,46
12040,100,116,46
1009,-81,22,-22
12350,109,89,47
20334,-154,62,132
11348,-66,-136,12
26540,58,9,-146
12922,67,100,121
26316,-144,82,-66
6626,82,127,50
29240,79,-152,-56
29,-35,108,-128
10610,129,-50,11
4943,0,-78,96
20247,103,156,-2
17044,-125,33,107
17645,-53,-128,-67
12880,79,44,142
10369,46,145,-38
20323,54,-83,48
30829,-1,-69,-54
9468,-19,-129,119
23584,-75,-103,-107
2434,-153,80,-131
20448,-96,-121,73
11588,27,-59,-5
25755,61,72,65
7635,-31,48,3
29263,69,128,16
2764,124,-60,-11
23488,-95,-43,-40
9135,-9,-1,-143
15014,10,-105,9
17585,62,-42,-63
14541,66,154,-29
10846,-147,-11,-9
12184,-104,69,116
12537,19,-145,-23
17093,-149,103,-146
4128,17,-157,89
13401,137,33,96
10580,-39,-57,-10
28799,-15,-9,-97
17100,-121,150,-48
17825,-114,-135,92
5203,55,-1,96
11647,-48,155,-123
2285,-131,32,-122
17956,59,-122,48
29427,34,96,-115
18593,-8,-19,-52
28594,-78,-48,110
7324,-11,-144,45
93,145,126,81
25272,-28,-77,-39
14164,20,-47,37
32681,16,-48,79
24790,75,-30,-71
14143,-76,114,-111
12520,148,110,-123
15256,122,-68,84
15551,104,11,149
25607,36,-37,-91
16916,61,94,121
24756,-88,86,-23
3743,35,-120,49
4465,-61,0,-12
26760,-127,53,-4
12250,-156,148,-19
10500,119,-22,32
16656,-98,115,-67
2102,56,-33,-44
27400,5,77,-9
19157,-151,-74,142
7466,-129,42,53
8820,-71,-127,100
511,130,31,16
26832,0,108,42
18223,6,-127,103
6705,136,74,-35
2915,45,141,153
26262,-42,-105,-48
30446,-81,-143,45
26721,-133,145,-97
31006,121,-51,141
12627,-112,125,-91
32601,-96,-90,4
30229,-108,-118,54
13205,-81,141,131
5090,-5,-19,65
22398,-133,-126,-7
12352,-93,-41,-155
9758,-68,145,44
12679,24,-118,-131
923,121,-57,24
25523,65,35,-114
18501,-77,98,130
19390,135,96,-7
9179,-76,-123,-1
25514,76,-53,-88
22463,-48,51,-45
4321,-11,24,-46
15523,-44,90,15
2394,72,79,87
21197,44,2,-59
20018,23,19,-122
26334,-68,-2,-95
19868,-4,-155,-54
22528,-83,-33,-118
24619,70,76,-104
19539,-86,-10,81
2262,-72,106,-99
26478,-80,124,105
11512,71,-73,102
31746,89,134,4
3895,139,39,-13
18278,-12,19,118
293,65,145,-146
16561,-148,114,-149
14418,62,-18,-89
13974,-127,68,42
14893,-45,43,61
6465,114,-126,93
30479,-143,-28,66
29639,-76,121,81
19150,-102,-38,-65
17411,-51,-91,-93
18239,46,-49,76
23262,-147,68,-101
8300,-19,-104,118
20503,154,-145,-75
3615,6,14,-80
3209,-47,104,-22
11749,-64,-9,-132
23303,-104,18,50
22271,69,-28,40
32249,59,-114,-154
16683,46,133,-133
5789,136,140,134
14652,-67,94,108
271,-144,80,140
14463,62,156,-65
16947,71,90,-13
428,-120,21,-41
12464,-94,100,-48
17483,148,14,-23
32446,36,44,-137
14029,-138,38,-55
23624,-117,-41,110
32462,100,77,6
13873,-144,-155,12
12357,-135,-24,58
408,-32,44,-67
27681,-66,-102,-111
6241,44,-123,-134
12026,-135,-115,-150
2295,-130,45,-74
12296,81,151,108
21932,-24,-73,-41
11120,31,91,1
26368,-76,-115,97
5717,-18,-108,53
1835,-106,-2,139
4983,-55,-125,-51
27298,129,53,30
8209,-146,143,-153
11062,38,144,-47
9099,63,1,-88
29871,109,-78,74
21704,61,106,-34
13220,-147,-23,5
11520,-109,-112,-104
12795,28,-71,-116
7432,145,-102,36
31030,29,142,-41
20612,-125,-91,-71
13514,-122,-83,4
23506,-48,-55,106
21640,70,153,-125
11985,-70,23,87
21564,-90,-105,16
7963,-116,-118,81
23120,-60,-147,109
27472,76,-65,43
20604,-125,154,-153
1344,-88,106,-83
29397,71,-71,106
19782,-18,73,-131
21998,128,-6,118
21810,118,-5,-56
6928,-31,-93,-26
1658,30,-110,17
10898,-138,-129,-5
5606,63,46,17
4736,-133,-26,-96
30215,30,43,12
20307,60,28,113
27558,-100,-154,-20
11599,13,-152,-2
10711,-9,138,59
10122,125,-115,-52
8082,-121,-27,19
8367,40,-81,-136
4869,-61,-135,-35
12929,-32,76,-106
29691,12,-129,-36
11154,136,97,99
697,135,98,104
6581,114,-94,-92
12220,62,156,-52
27338,-110,80,-148
25936,-1,121,-39
7414,-88,146,-60
28271,-8,-104,-150
27434,137,-62,-8
31231,54,107,56
7613,10,138,106
15538,-57,154,-125
3504,-151,85,-35
16286,-34,-149,80
4316,31,112,85
10893,82,-3,-39
21685,-50,-60,-117
29800,106,-94,74
19506,43,25,148
11525,-130,-43,-117
31838,61,151,106
23088,-73,-60,122
24685,-100,-44,73
20251,105,44,62
19397,152,-150,-116
18492,-3,90,-20
3885,43,129,-19
11317,122,-6,38
21156,-53,59,-55
7623,48,-44,-95
19682,-18,109,-70
27077,121,56,-66
32434,100,-53,137
18588,94,-97,80
912,64,-87,-66
4858,9,111,141
4515,-69,72,-49
825,70,-55,-152
19336,-4,146,46
31592,116,-79,-62
15310,-74,-143,-149
27628,-105,-92,-2
32297,59,-94,41
18321,72,-50,-5
15971,113,-81,87
21066,105,-23,-152
22538,-67,-75,-40
28753,-98,-56,76
27804,-6,-123,-39
7723,53,-71,-104
9746,-145,-128,-53
9474,118,89,-10
20274,-21,-50,101
22789,135,125,-38
7255,-108,57,-156
19497,84,-64,128
29921,110,-30,-80
30084,58,-61,55
13400,124,77,-123
22093,35,-97,153
29183,-135,148,59
13159,-116,15,120
20665,-112,-7,-18
29065,-71,51,30
27718,-40,46,122
27893,136,133,131
8799,-39,10,-30
864,136,-54,9
5563,-122,121,-102
27264,152,63,-118
9077,-79,-4,-130
24918,-2,-129,-27
31502,102,-3,152
2547,103,-8,7
25664,-132,97,139
31757,83,121,-75
8044,21,23,34
22307,-103,-133,-50
19288,-22,-92,151
30093,151,-45,-118
536,1,43,-91
20847,-24,-68,-38
12792,46,-144,-155
5265,99,-153,56
25342,129,-124,-136
4217,65,-83,52
22191,-138,107,-109
14180,-25,121,-124
30290,137,140,28
1554,105,-97,-75
29812,-150,75,-1
6669,-105,29,-137
1629,26,46,-79
14162,-77,119,-35
20160,-80,122,87
7009,-45,154,-45
22685,-45,-138,-64
11968,-148,9,-133
2628,42,97,34
15981,118,22,-28
30517,129,124,109
7251,53,35,115
24717,61,116,52
9772,-106,49,91
9226,-119,91,-71
20958,-53,105,86
16973,-59,-20,17
24482,122,-82,-8
18318,-18,-34,29
30348,-9,14,-134
7070,-22,125,14
6940,-74,64,-25
24780,-82,-113,74
26314,-29,22,-88
30990,148,-143,-103
20540,-79,128,94
12713,92,-133,94
26437,118,9,-65
16285,-143,153,-59
13528,46,13,39
30304,-8,-130,-134
18023,134,56,-79
28109,-132,-139,21
20425,-50,-35,92
24906,-36,-79,35
24092,-18,154,-123
21385,125,-67,-24
4286,80,-42,94
8439,26,103,-94
32536,64,-139,96
5790,6,-127,-105
30952,114,-33,45
112,74,110,67
25883,143,61,71
18480,-25,86,120
15945,44,38,-63
7188,13,-90,-114
15180,73,-85,32
0,154,59,-26
30829,-17,-63,-145
13080,-2,-71,98
10363,-128,-156,-4
31296,137,6,-81
26016,127,-103,-70
22488,-39,-96,-30
17359,-35,132,11
6157,-154,101,-103
32079,-78,88,-133
18501,-9,-70,-102
30139,-79,96,-56
4114,-65,26,-157
7902,62,-115,17
9457,-25,-47,101
7181,88,-124,4
18842,150,-124,37
4345,123,75,-137
27667,104,60,-72
30445,-75,-102,134
19212,-66,88,31
21941,-72,143,15
22487,-86,-61,-128
31010,5,-41,-71
24680,-13,78,105
20326,136,-9,-85
18201,-155,57,-36
24195,110,-110,41
4006,135,51,-10
14748,-36,138,40
15875,-4,49,-22
23978,-37,109,49
8810,-5,-109,-57
14644,-152,-119,-7
31138,-11,-62,-26
15429,-94,136,92
8315,-11,59,21
1813,58,-6,59
2148,47,74,4
15958,146,-72,-38
10489,70,-58,-1
28843,46,-42,-102
27708,49,44,-90
22594,-155,-74,-150
5181,111,93,62
380,8,14,35
23071,31,88,-132
4442,89,134,70
13120,-38,-47,-76
26769,51,97,-148
23449,-145,-25,4
25227,144,140,67
17432,-26,83,-127
9756,55,147,57
22515,-106,-155,14
29756,-147,56,138
6292,-145,7,151
27308,37,-141,-108
8183,116,32,-31
27890,-81,-99,-79
6136,71,20,25
26273,-155,-71,-28
23276,84,10,115
23341,-82,123,51
25043,129,-42,-116
25351,81,132,-4
16420,131,-82,66
19405,-76,110,-117
1883,-122,-87,-16
30297,84,6,116
22030,-73,-143,104
13861,84,-24,-48
16171,-136,-79,-89
7140,-63,-101,-99
9231,-35,-144,-16
16780,-127,156,-61
15176,4,32,-70
13992,59,-141,49
26509,156,-145,-114
17635,97,32,37
7560,81,-99,-32
8840,-24,82,68
120,42,-103,-4
7435,14,124,-85
21561,-123,-71,106
30950,16,-111,-135
29712,-122,-11,144
22994,-88,20,59
4155,47,-46,-157
31001,140,-129,-73
5536,-42,-77,104
5410,77,147,31
16268,148,-73,1
3770,-119,-16,36
3447,-151,-119,-132
304,-41,130,-67
18983,-38,57,4
19564,-17,16,28
1826,73,60,56
2149,-53,-141,-30
8005,-102,37,-80
24655,-48,-128,149
25216,87,-28,-70
15988,67,92,49
18692,-15,-128,-56
662,-110,116,15
11526,-68,-28,-27
14247,-21,45,-137
11331,31,-111,133
22414,54,-143,80
20502,-115,92,82
27101,-109,151,74
12082,-42,29,-85
15699,9,84,71
8969,-147,-99,120
19520,-65,87,50
17468,144,149,74
18855,-45,38,-78
20447,43,3,-133
201,-156,-137,32
27239,60,-89,142
25915,-24,-25,65
24222,-44,-66,-27
6116,-146,13,30
2681,-83,-92,-2
32194,-51,151,96
10772,110,-45,-115
20193,-21,-142,67
29880,-41,-134,7
32250,58,-91,138
14100,-15,2,-61
6556,64,-20,-142
24582,-20,22,62
18676,-124,93,-79
13892,148,-87,-154
10327,-32,21,-39
10052,-81,-62,61
3200,-148,-156,-11
18368,69,92,81
4182,99,-13,152
22859,-103,-17,139
9942,35,39,73
4786,-22,-157,-24
29565,23,90,30
27548,-126,-84,70
1746,91,-66,-91
22194,98,-111,75
30991,103,45,17
20704,51,154,-83
4386,-157,-33,145
7211,21,76,72
23263,-2,-124,-142
28672,-32,-69,83
29078,36,-85,144
21446,-70,-21,43
29804,-79,52,-127
3581,60,-131,21
24603,-130,1,-64
23675,137,-44,84
10806,-121,155,-81
7204,-64,64,-75
3822,55,107,101
32581,-60,137,-35
946,84,133,-78
32679,31,-144,-61
8454,47,-86,-136
18918,-7,-52,-146
29870,-118,-71,-81
8190,-157,-143,122
24395,-138,66,-114
1007,0,-153,12
8850,-83,-70,99
533,70,64,-153
1392,127,92,80
11605,-34,-34,30
29607,-9,-110,151
21579,149,-152,136
586,52,-145,-48
11813,-47,-38,67
32460,31,-95,-105
25155,-38,-147,128
26889,-132,11,80
10441,-91,-114,-39
16665,111,108,-106
24660,-135,145,-20
3027,109,-130,92
18912,33,1,115
32347,-118,29,65
31471,86,-112,156
476,-93,-115,-16
1760,-75,113,-80
17372,18,117,-16
14146,-16,103,102
26889,31,-146,-34
20564,139,-109,112
29682,1,-22,20
8482,-32,154,-122
18023,153,-124,141
29775,-74,-112,-137
15123,81,18,-146
835,-58,49,-33
16615,97,-37,17
18852,63,136,-124
25458,-101,-150,-85
12340,18,52,-44
18070,144,17,68
1317,122,93,-9
23863,-119,135,1
27161,49,-50,-21
22095,111,-153,-137
2329,147,-61,-111
15793,60,108,-52
17142,31,77,-34
25554,146,-143,50
21290,-17,58,6
1996,58,-157,-108
10913,85,37,93
6526,-149,-74,54
11078,-63,136,-93
23596,-41,19,92
17671,-14,147,-75
20739,114,147,-12
3374,-21,52,140
5431,15,-37,122
28461,136,-5,-132
22721,151,-114,32
15477,3,98,156
27272,-107,25,-27
11771,31,134,-143
4747,23,55,-39
31341,-85,149,-1
28539,-137,-39,-136
11516,82,-157,77
10742,144,-40,8
21555,79,10,24
5502,27,-115,-157
2464,139,59,104
28024,-82,-4,30
28544,69,-104,123
5196,37,-55,146
16730,101,4,-53
12451,107,-29,39
5812,69,-96,-65
23774,-21,137,52
22872,-140,105,-41
4802,-128,-1,65
28329,54,-138,-67
14881,-22,-112,139
18058,40,49,-41
8452,110,28,8
7600,-109,-98,83
30446,112,147,-119
30667,58,-45,82
28295,-10,-79,-148
15579,52,129,-130
18754,-116,-94,-78
7534,83,-30,28
9919,127,-29,94
2287,-74,-71,102
26647,-6,118,-47
18475,-38,-109,139
7451,-116,-126,-44
5822,28,-73,147
11073,-125,-4,-47
21534,-64,68,-43
19193,-126,126,-96
6172,-46,-152,56
1238,-100,-20,-114
32091,-87,-87,-37
23031,83,-79,-69
25993,-63,108,-49
8514,23,-108,120
29174,65,135,99
18325,31,18,-99
5932,32,-102,93
1355,-102,141,-106
8946,-135,117,-83
11047,152,3,-151
12108,-36,127,120
21645,130,32,125
17992,-147,-18,-51
24196,154,-84,89
31118,-56,-52,-99
24731,-3,10,-147
8946,148,109,93
8053,155,-15,110
3573,154,144,-72
18636,64,5,-95
23888,-39,-94,-96
17732,-107,38,15
18811,-95,123,-150
30635,153,92,40
16235,-86,107,82
25636,64,1,-105
1321,-32,76,89
11932,145,-48,49
12671,80,68,138
21801,56,13,-147
29004,110,54,-45
19966,74,55,136
23926,-100,-129,153
10023,-103,115,100
13731,29,-131,43
32184,102,-10,-137
29060,47,43,-121
25925,-6,-2,106
31080,39,-143,66
4590,80,115,-85
7878,-98,-157,126
3966,139,90,-93
24697,54,-30,-156
614,-75,-78,44
19801,2,-27,9
28499,-85,28,-130
30794,17,-65,-21
9913,92,-25,130
23276,-97,-12,92
28309,138,5,-110
395,77,136,-78
27460,-42,-148,-136
9231,-38,101,37
28160,74,-82,13
29542,147,33,26
2185,-83,-144,155
30287,98,-147,55
13748,-24,92,-104
31787,-71,31,45
7800,123,54,-53
22050,-20,-79,-100
7600,-149,77,-117
22499,100,46,8
15016,-6,31,58
26872,135,-78,-83
8146,-152,-72,8
16058,25,13,94
6958,-79,-126,99
24388,126,155,43
19430,-97,137,150
22054,28,124,-87
14193,-68,-110,-17
25657,-4,-12,148
21243,-11,105,-5
24342,-147,-141,-10
22838,-87,-150,-7
12642,-38,-98,-148
5277,-28,-69,-97
17335,-18,-120,-7
10744,43,9,-135
13750,-105,100,-6
7329,111,43,77
13792,91,-74,31
8850,-107,-111,121
1807,111,44,-117
32314,119,-16,-140
29110,108,123,-121
19466,-118,-120,-150
13484,-126,11,18
11784,107,-76,-32
846,-103,114,77
11298,109,-27,-90
24075,-8,92,-150
2518,-148,-111,118
9457,64,114,-137
1112,121,85,16
32754,-140,155,-67
27716,39,-53,-80
27338,155,35,55
14790,46,49,85
28729,149,128,129
30469,134,-87,-134
8580,-41,-50,46
2132,-125,124,-58
16232,71,-110,97
15517,-94,-56,-87
16416,-128,-83,-149
4928,-66,-63,2
17995,140,56,116
7937,136,131,-19
20838,52,155,17
11798,-50,-64,6
7014,20,86,-90
23585,27,28,33
31416,75,57,95
27875,-154,128,-43
21317,73,41,50
5907,-111,56,121
15365,-138,-102,132
23932,63,46,-95
26834,155,-148,-86
9363,18,-44,-31
19012,-149,-4,-133
15957,76,123,-89
4005,13,-59,35
20305,-115,58,-125
19584,67,-13,-75
769,13,-52,143
1920,-49,120,-92
15383,-41,-93,-95
26554,33,-123,4
11786,141,-67,49
10709,74,15,-138
22582,26,153,128
6063,-59,3,-101
27986,18,26,-61
279,147,54,-154
3795,-2,-147,-6
16360,-15,110,-52
1084,-30,-32,-120
1851,-68,-52,-103
21376,-78,86,-154
8531,125,86,-102
5765,71,-58,-144
23121,-133,20,34
31865,-89,-86,51
31028,102,-97,120
17043,-2,-66,45
6333,-96,5,-124
14111,18,140,-150
12794,-108,133,107
25047,5,137,-119
20576,-81,102,-50
26451,96,-83,128
29781,137,-50,-84
19397,-110,110,-89
13875,-12,-126,146
23960,-153,38,81
7665,-143,99,86
16553,-17,40,48
1174,-115,85,5
28466,27,12,136
25509,-117,-75,-41
29501,-97,-17,79
11897,39,-132,-76
4946,-52,81,10
10317,1,-116,67
1560,22,87,-134
23598,-138,-34,-117
15867,-144,141,154
17242,-18,-52,151
1195,-141,76,-38
28007,43,13,-141
887,76,46,124
32666,14,117,50
27353,44,-73,23
21624,74,-151,81
23877,52,57,10
8320,-128,101,95
1848,141,-115,131
11803,-22,-89,-148
13474,-147,-21,-114
16892,10,113,29
1127,137,-109,109
23742,21,63,85
32310,-21,-93,45
11463,-22,-99,-63
4409,-25,2,-128
21869,68,82,-134
13066,-41,-40,80
6277,132,-16,104
28723,9,3,-38
21882,46,73,-49
24235,-43,6,-79
12709,25,-96,146
10244,-71,67,-54
26587,137,100,123
19224,120,-144,-1
1621,78,35,-114
17958,-151,112,110
32562,-102,-120,46
30949,131,53,-19
26869,39,-43,123
11435,138,-61,25
6766,89,123,93
27247,-67,-43,-70
28938,-11,51,86
9386,-60,67,-80
11402,120,-41,-34
32550,-125,-97,151
9652,-138,77,146
6757,58,-102,-138
14961,42,-10,115
8701,-8,1,-109
29838,-36,38,5
2466,150,-31,6
2409,54,153,-116
31614,5,-156,-77
20475,-14,-131,96
13022,-148,-92,-39
11011,-42,-138,124
28679,19,-6,53
3458,71,-127,33
9661,-102,-40,-120
27305,-25,-128,-143
19727,-4,121,76
25508,140,100,-34
3421,-2,-139,30
13075,77,124,-157
10000,-10,136,-98
31126,-144,52,77
21044,89,107,99
30228,-112,150,-89
16544,-47,142,113
24196,91,-96,-90
15237,-11,76,-61
12783,-95,100,-76
7035,-85,98,141
27719,-68,10,-61
21426,22,-57,99
17164,-52,77,65
26938,126,-7,82
26970,74,-96,156
6053,-34,-122,137
31426,27,114,-40
26910,91,19,-98
13710,27,-82,110
1940,137,-100,-9
26985,118,-91,45
13359,-61,25,-111
6327,-92,-75,-128
16132,-111,124,45
2709,79,125,-90
20293,108,-57,19
5385,17,-92,65
11096,146,48,45
2615,79,44,-102
1887,-65,-4,-116
6795,0,47,152
30781,-56,-99,126
31960,-28,-137,74
30248,146,113,121
16148,-81,-145,-44
30620,106,-100,61
22516,34,-109,126
26888,-22,90,150
17706,77,-13,79
3151,59,-7,-38
25784,91,-147,-22
8498,-47,145,-78
27054,-109,38,-60
15908,82,-2,-74
6746,-35,35,49
29776,-110,-9,39
15201,27,-93,-70
15235,102,146,153
18576,-25,-129,9
4751,18,115,37
29193,-57,75,68
11918,-69,-13,11
20836,111,114,70
29486,-48,69,29
14379,-31,-2,-82
6186,51,38,52
31772,18,122,105
31402,-56,7,103
18987,156,-38,83
11785,-24,47,88
2863,-126,97,35
22463,126,5,-97
4045,-115,-115,141
3451,-37,95,23
28848,151,127,-42
12924,-8,-27,-72
12660,-38,-31,-108
28110,-107,-69,-62
9084,103,67,120
9241,-110,43,-147
10307,-82,103,42
27193,-75,-155,-124
8527,156,-133,-128
32600,154,92,28
10880,17,-4,-4
8035,79,-150,12
12620,-32,-112,-43
4116,-67,-131,4
7544,-18,45,101
12686,130,-89,98
30742,-32,-152,-51
25226,81,-129,33
3560,-122,56,23
20116,-144,113,-82
8108,-102,2,79
20116,121,152,-85
15706,-98,-121,13
5913,-22,40,146
15260,3,56,56
1505,-42,52,-144
20880,103,63,60
23240,-118,38,-154
2031,104,-62,-63
3703,-152,141,-147
29290,109,-30,-157
32540,138,108,138
5581,32,35,-151
4811,-119,-144,-23
23606,17,-62,57
25894,-97,33,-26
5902,-106,-61,155
9845,125,-59,89
14342,-26,-137,11
6584,-47,-128,97
27596,121,-98,-151
28749,-53,83,99
4590,-59,4,-75
31533,91,-87,130
26992,-40,-20,-22
7755,98,-80,148
3619,25,132,81
23840,128,-98,74
27431,136,0,56
20123,-51,6,30
22829,-26,146,-65
20731,90,-5,-61
10569,6,111,127
14096,64,-5,-49
6883,-131,63,-117
19643,17,-87,-15
24027,-104,36,-89
25189,80,141,73
15112,52,-52,-52
13862,61,-40,151
18725,38,79,71
23574,128,-13,-28
2270,-71,-126,-121
2556,8,-41,-2
3370,115,-126,94
11322,-146,-23,-69
31472,32,28,-116
26238,-57,13,-129
28168,109,-126,-92
30773,15,-82,50
30521,-46,-107,-110
375,42,-31,-11
10761,79,-155,-58
28392,54,-40,95
29857,-137,130,-50
25058,-147,-83,-33
12784,-85,-110,-143
19408,-85,-52,25
7441,18,-58,155
26226,37,-16,-125
29634,135,-35,-102
31508,32,134,-114
31706,111,-116,-154
22349,27,30,-101
27795,-62,145,23
14354,-104,-76,37
6263,-127,94,-30
21594,116,13,-87
28402,-94,31,137
21906,151,-5,-5
16000,-38,-38,-9
20122,-74,-148,-2
21068,-85,-149,0
29474,-89,122,115
23949,-103,-58,102
2929,50,52,91
18757,-47,148,-56
10122,58,73,2
17872,-14,62,109
4193,-37,20,141
27682,-38,-69,-28
25567,-157,-9,-74
27386,-89,89,-50
1912,-120,-117,121
28183,50,-101,-118
31345,-53,132,134
3104,-98,23,73
15488,116,-96,121
15737,76,-14,43
26527,-29,117,115
26303,-61,-149,31
29827,14,-136,-77
17296,143,67,98
20449,88,87,152
7103,-42,117,-147
22757,62,129,53
7986,-55,-115,-63
27463,109,-153,27
1702,117,49,77
29082,61,-127,-81
18764,-141,117,-24
1194,67,3,-32
20728,-121,-84,-53
11473,5,-51,-26
24132,63,-21,75
14091,69,131,-80
26645,70,63,141
5927,95,147,20
25959,60,23,72
17159,61,107,125
4199,36,33,17
2868,-4,135,-109
20346,-56,34,-61
31357,61,27,18
5910,-52,-6,91
11076,-155,-77,-149
14923,-62,100,29
8293,40,43,-139
17143,51,-80,156
6270,-144,78,90
19042,-20,-118,29
29820,136,5,-150
22314,63,-78,44
22471,-1,1,-66
22199,124,-62,-104
3215,-125,-136,-141
10299,-138,130,-60
30921,-117,-156,-68
20771,126,12,-98
8175,-37,105,124
21569,-23,-149,-144
16840,-109,10,110
3847,-156,-64,-127
20304,99,46,5
24992,33,84,-26
22573,-64,81,-52
21248,-26,3,31
20078,-41,-116,126
21979,-35,140,49
20575,34,-156,72
18165,0,95,91
25651,70,-70,-119
9382,26,-157,-141
31706,-117,-104,150
1973,31,-84,-11
23709,85,-28,60
8669,-143,-18,113
9973,-148,-49,116
14868,-15,-50,15
17253,138,26,67
30446,-15,-32,56
24162,58,7,90
10784,37,-28,-15
20689,126,-129,108
534,-4,118,-91
621,-29,-128,-145
20693,26,77,-4
7257,-18,-147,-133
13759,143,148,-16
24925,-30,31,-48
26417,123,-79,10
28573,13,97,-151
6033,-105,-151,-27
5739,98,-61,-18
16344,-151,108,-100
17645,125,65,32
22559,27,133,-119
32153,73,-39,132
19667,88,23,-100
15313,109,-75,-39
23420,-123,46,-77
10490,-72,118,21
522,145,41,-124
30945,96,-66,-48
2309,10,-76,-50
21414,-86,38,25
26062,29,-21,142
23280,-124,151,-27
13618,-79,148,116
5275,-154,138,-40
12004,-62,-148,24
24514,-75,-72,-127
15856,-6,-45,110
15897,82,53,-101
31001,-106,-44,-117
5082,-13,-56,148
8277,12,77,-142
30362,-90,73,101
23860,103,4,70
26718,53,-76,-139
15483,138,-85,105
29297,0,-57,11
18329,-100,-57,-60
11596,66,10,53
16723,55,37,-6
24092,71,-90,-40
18849,73,119,-144
9742,78,-81,-87
27049,-34,-24,19
3696,14,-38,-110
27522,79,-62,-47
20928,-43,-25,139
32660,-2,15,55
4937,134,-112,-88
19334,-39,-16,-101
14190,-4,-99,-61
29852,59,-19,-111
1195,40,-38,-80
25621,139,100,-25
26812,-38,142,52
5649,38,-47,-29
11329,80,48,12
7754,22,103,-84
32345,-28,-2,79
15484,99,-64,-14
16754,-131,-141,122
4240,0,-129,-10
17132,45,109,58
6256,-72,49,-121
1928,82,-80,-115
2261,-11,133,36
29579,156,-110,145
16159,-50,123,-73
20371,-108,123,119
8997,-65,85,84
21507,-1,5,-136
11956,104,-76,-8
2331,-68,142,-52
26407,-27,-86,97
848,-30,63,144
15268,102,-113,-150
15523,104,-76,69
13434,139,99,127
26894,-75,-48,50
27887,-98,-112,15
18163,141,155,-48
13988,-135,-64,-16
24640,-69,100,68
20277,-148,102,104
5875,82,76,-118
15088,6,-128,-70
6418,-62,-78,122
17109,140,0,93
2983,-75,53,153
20911,-53,-92,-17
13430,-146,-43,114
28440,37,78,-108
24303,60,97,3
30672,92,-12,-123
21953,23,-141,-43
26456,1,20,-49
20839,-111,57,-152
25783,137,3,-156
10811,-48,117,12
30408,26,89,-30
10745,93,-86,-27
10224,73,154,92
20178,-16,-37,-79
6067,123,64,-150
25010,-75,-10,103
5539,-28,-110,-155
28125,114,-156,-75
17146,144,-121,-85
17381,-41,114,74
10910,-153,145,105
31386,32,-122,53
32276,-14,-75,34
11788,89,114,-146
471,61,39,-64
12655,-105,-6,-144
14979,96,-49,-96
5380,-31,15,-144
11077,51,-91,146
31604,-80,114,-107
9828,-92,32,6
6735,-110,-28,0
7696,-106,-83,-48
2117,40,56,13
19172,-154,-63,96
20425,-110,120,30
27488,-109,92,-74
27322,-125,-82,-94
28461,-8,102,146
40,-52,95,91
2143,12,154,48
18323,156,-3,-112
2569,-25,-130,-130
7335,57,-40,-33
24962,132,-141,-143
25507,148,-151,-90
32104,5,132,126
18993,19,59,-12
19647,129,101,-46
7225,-5,54,57
18814,-82,39,-84
31412,-125,-111,136
25326,70,135,120
17836,83,-9,149
27397,33,-91,105
32215,62,-67,150
17330,-38,-134,-15
786,-54,-34,-42
2889,129,-120,33
1421,7,-12,78
10670,31,-70,-88
14054,34,22,0
28360,-91,-8,143
19507,129,-155,13
14127,2,16,-43
31305,-141,56,21
13304,-90,-157,1
25089,55,69,57
15400,53,88,-122
16266,-109,-16,139
22531,-15,96,-87
6885,-134,59,98
2416,-42,-109,-125
5361,-49,-122,-104
245,123,-123,10
23374,-43,14,-83
21693,-49,-47,-143
8456,91,145,57
16668,101,67,-51
23955,-157,156,-133
18512,-25,-17,99
28742,-147,10,-88
22930,-110,-107,118
4756,-38,-145,58
27986,-110,-49,28
25501,156,-26,10
25015,-134,46,28
7958,98,55,-88
17940,-120,-44,-67
14674,134,92,-63
29213,-69,-48,-122
12692,111,21,147
14630,-83,-69,-11
30727,-6,-107,-157
18495,131,89,110
3508,-86,77,125
32145,14,2,27
27013,-1,-74,-36
20072,23,33,63
13154,81,-42,-76
22476,-9,148,-73
3428,71,-26,-117
31263,0,-128,-124
32080,64,3,32
28224,-89,-70,99
17097,117,65,-16
13366,-13,-15,-92
9907,112,-42,-115
594,-38,1,150
24,125,154,-99
22074,-72,-80,153
16833,-123,-136,-148
12025,-138,2,70
15209,-42,71,-33
794,-102,-74,0
9181,-10,86,56
31458,-71,-132,-15
4062,-153,45,13
3977,-14,149,-10
3538,-104,-46,73
26142,-13,59,-6
24409,34,-91,51
7516,118,-95,-47
6586,-42,25,36
3724,148,-84,110
11390,29,-107,-119
21916,40,-37,-105
5038,-93,-155,-127
676,138,-60,-45
9018,-12,-133,-10
16512,-119,-128,126
27567,-105,30,116
11607,22,30,-86
17729,-87,-25,33
17023,-107,-144,68
3511,-67,139,140
30611,-71,30,132
10012,-116,77,-115
1885,70,60,-74
19614,150,123,-129
2665,103,-20,-64
18361,66,14,-16
17900,36,54,-36
13041,-61,-117,-106
13428,48,14,20
17105,-14,-105,-26
9557,-148,45,-20
1923,37,14,81
6000,96,138,112
11068,-120,-44,49
12929,-137,-154,-100
31074,106,40,-72
11976,-100,-35,-16
1566,-12,-54,85
16199,137,-137,117
6584,22,-44,-74
23211,121,-19,133
30318,141,47,-42
17579,-123,88,118
23970,-61,95,-64
7102,56,-90,-113
32451,-120,59,61
10527,-108,-141,20
19306,-57,26,110
8859,121,41,-36
11862,-21,-67,28
8760,-12,-30,-116
786,-86,-79,38
6554,153,-128,-85
32239,-122,108,-3
18774,-35,116,-142
29527,-100,106,21
7886,46,-1,93
20206,82,109,59
16444,148,-106,-28
25979,-118,-42,-81
26766,-68,-9,-120
9421,5,7,-110
14325,-5,77,-80
22750,-121,59,-39
21082,-67,22,86
32473,-68,-70,-75
8951,124,18,44
12314,22,78,94
18728,-93,53,-62
474,-141,120,5
31090,32,-120,63
13446,154,108,118
26234,105,-46,61
3151,-48,62,75
21783,-38,-56,-96
15465,94,-22,18
21547,35,-2,43
26542,-134,-152,-53
30140,-52,-77,-115
18610,102,20,26
15532,14,152,-126
14532,-151,-143,91
24753,-10,23,-105
28131,58,130,-125
8655,42,-26,19
7433,150,-66,-42
6089,49,69,59
17363,-123,65,-92
17068,-84,-37,51
26131,-107,36,-76
13054,73,-79,-17
12813,-29,-125,-24
13505,-152,-151,86
16835,131,82,64
29407,-111,111,128
11104,-50,16,15
22666,-32,151,44
31498,-97,42,129
18365,136,42,-83
29650,-15,6,-132
18593,-35,-137,48
4168,52,6,-132
28973,-68,133,146
3722,-13,1,26
22702,113,-122,79
11783,95,-149,136
24681,-118,-66,-5
4133,-80,140,-40
15950,58,53,-99
928,-68,-154,146
26457,-23,89,149
18201,63,150,-133
3492,-15,-138,147
15042,91,-110,-156
10435,65,63,-50
12949,16,72,51
8240,-18,-125,43
1118,-80,38,19
13142,-45,55,156
14098,88,-15,-67
1179,-3,59,52
8675,85,-21,-37
28147,-4,-38,-79
24593,32,21,46
2843,19,-64,1
20885,-42,-106,17
15948,131,-138,-30
27728,123,135,-4
14125,20,110,-133
7156,-38,-154,-115
20175,-78,-155,-22
14146,11,3,151
1125,-96,140,-85
27760,-109,-61,-109
2545,-94,-113,63
15411,-11,-43,10
8099,127,-128,44
4141,-92,-51,12
562,-15,-56,41
17532,-112,71,111
2926,146,81,-90
26931,-149,65,127
22455,-110,-68,-78
26487,103,-14,-71
11358,63,-17,66
7032,-71,27,-76
17732,146,35,-53
15491,69,102,-112
12760,93,111,16
23733,-32,-1,-151
10191,-98,-58,-39
5118,-110,-115,61
25866,-121,71,-131
9114,-94,-114,-28
32695,-112,-125,86
7642,-143,125,124
18285,-26,119,59
24670,-136,-110,40
26464,61,54,101
11929,122,-87,-77
25349,-38,-119,3
2203,155,68,-125
32752,33,-103,-59
24604,-105,69,-117
19287,144,151,-132
22429,23,-102,-12
25115,-70,-110,-78
31108,-102,21,3
29171,73,153,105
25752,-53,63,-60
26403,-124,71,-45
20831,-135,142,28
14107,121,-88,-37
7888,-150,-64,136
20258,71,-13,-149
3294,-117,89,140
4714,-146,-35,-131
21484,-97,-34,-49
3301,-51,-16,62
21293,-58,80,-104
9528,-102,-34,-53
22968,23,62,113
13918,63,93,-85
15314,116,-112,50
3377,77,-63,-146
575,2,116,69
13449,-146,-93,-106
4830,-10,73,50
10047,-77,116,-112
24847,-91,24,-82
9643,88,16,27
29676,-130,-79,-35
27017,43,-118,86
19347,135,35,-35
17291,55,4,138
13120,-137,70,-55
275,10,-140,68
11993,108,-129,6
19629,-5,-99,-110
22947,-47,107,-145
28670,44,-106,-10
9394,85,156,102
2458,-145,-30,155
13504,139,-47,21
14132,-53,-106,6
900,-148,69,-120
32521,141,-105,-150
18187,-59,-147,129
23893,-88,-45,-129
12508,-32,-131,6
7172,-152,-32,30
24672,-24,123,-1
10086,138,-21,-132
23716,153,99,108
30139,-88,-112,63
29754,114,-98,92
2484,61,-108,-114
32475,-44,47,-25
13329,-9,60,-10
17510,-107,-3,-143
25532,-117,-65,-54
31578,114,105,100
10327,-113,-21,-135
7247,-25,51,102
29201,84,150,-55
7870,-66,-113,-119
6164,-137,-57,18
13197,64,53,37
9336,-139,67,-101
19413,125,37,-73
28346,-18,-27,-47
14560,-83,-51,13
19723,143,31,123
2205,-67,37,-58
19898,-60,-121,-27
25168,-19,-108,154
11707,102,-97,-17
19802,143,113,5
3901,-109,65,-101
138,-32,132,-150
1517,-61,65,-103
991,-53,-121,-139
25251,44,-146,41
13686,28,-48,-77
7389,-153,88,111
2413,-148,-91,33
19618,88,14,73
14800,-38,90,101
29531,122,40,111
13259,82,-94,93
2060,110,-101,-30
18348,50,-39,134
27033,51,2,-153
16561,138,-150,2
10365,108,-24,22
4203,66,-153,-24
12240,-143,-144,80
22610,-134,26,128
5349,-71,36,-131
8472,90,38,-106
31490,97,131,150
12409,-73,150,-107
14669,78,16,-68
30635,96,100,113
27162,43,39,6
20971,63,23,38
10508,-19,31,10
21819,79,-55,121
14428,-44,-9,-33
10312,52,-36,-20
16133,98,-123,126
23453,117,102,77
666,3,-156,-82
14010,-71,13,132
484,-47,119,-20
15582,-116,140,-24
25256,48,-140,124
21658,47,-61,124
32157,-98,-118,66
30314,110,95,-106
18962,-20,-105,113
18741,-61,-50,-2
19276,64,-56,-139
31304,148,114,-100
10497,118,-50,-20
6303,-23,-21,75
6324,122,-152,-138
18521,143,-73,133
26688,128,-65,-99
19560,155,121,31
397,10,4,-82
20564,145,147,-65
15535,66,117,-41
17965,-144,105,-133
5761,0,-95,-38
11712,-8,135,-55
11174,51,-102,-17
8976,142,44,-105
30149,-3,19,-31
7369,-123,-104,55
9312,72,-29,15
2523,97,-106,140
24406,-21,24,-120
23227,-152,-30,155
25900,79,-100,93
18368,-119,-96,38
2981,22,-22,-13
29584,99,-137,88
19395,-136,100,61
21522,-70,-29,89
31266,-114,-78,-115
21024,-154,-83,-15
13100,121,64,85
18201,149,-111,-81
29640,-44,3,-15
6957,-104,139,-119
5249,145,32,-151
30229,-103,-112,-66
24678,101,-97,-67
25734,90,137,-15
6512,-143,37,-123
29647,20,37,-45
16182,-93,-49,93
7844,-90,127,66
19131,5,-43,42
23679,-106,76,-6
28408,88,-40,39
11637,81,111,29
26921,-38,114,-76
14647,-79,33,-1
27162,-139,10,81
8014,2,-6,-92
18212,-70,-93,-86
9237,32,36,-24
20178,-8,-82,70
24223,-28,61,-117
3253,-146,136,-127
23445,108,-34,68
11552,13,-17,-155
17169,128,-73,-74
28066,16,143,-17
6878,-147,120,-124
11081,29,-119,-43
12117,128,-77,-149
13046,131,0,150
16777,156,1,-110
26831,132,73,-123
29276,-19,11,126
29522,-93,-134,121
10906,-115,89,93
29427,110,25,-85
30304,34,71,50
31255,-1,-144,123
1306,70,2,-94
23602,-41,139,125
24200,-27,73,-99
29090,83,-69,-128
27115,6,95,116
5527,-48,39,94
32553,-6,-142,-94
5995,143,-155,-76
15545,96,-43,-104
8514,-133,-25,41
17795,46,-26,-136
25783,-43,103,-105
29108,-146,104,56
9009,0,-144,89
25706,47,76,49
1616,-48,-30,78
22477,145,-18,-81
16689,132,-105,-47
10670,-106,-10,-157
472,-102,-95,37
13649,-98,32,69
4025,15,-48,-86
10739,-156,97,-35
5969,152,-144,5
5264,-148,-74,-10
17665,-10,-23,100
19263,-49,3,7
13819,139,1,95
1541,-155,-113,145
25413,22,-106,-95
14825,148,-24,29
22543,36,-95,93
21882,-85,-125,128
7258,125,30,89
4253,-57,-25,-21
5260,46,123,118
10430,5,-14,-45
26649,-31,-102,-45
31833,-122,116,27
10969,81,-75,-85
26986,117,-3,128
19556,119,-47,96
21310,89,47,50
4266,68,-29,95
2016,-99,-129,-63
28783,0,3,2
28396,-95,-119,126
30156,-88,38,-22
9666,85,-136,-59
7117,-128,121,-120
29581,37,-130,-106
27141,93,-93,99
28966,37,-118,99
25776,-66,94,91
13499,-75,-82,-90
10518,50,153,-107
17993,-92,-16,108
27203,-16,-45,86
16499,71,-127,151
24969,-44,67,97
16735,114,23,-50
27401,40,118,3
15292,-5,-82,55
21348,115,56,54
8571,-138,62,0
7489,-33,-139,-54
28162,-31,10,-89
2199,-41,-24,121
23719,-32,-79,-138
28768,-121,-143,-153
6048,-157,100,-21
23056,72,110,-66
9561,7,152,-53
11516,150,11,-45
8994,155,-69,-75
6099,14,-93,-22
32302,61,-74,15
10872,83,-124,119
20897,87,28,64
28302,15,55,100
15668,-105,-101,-75
23468,-135,-92,87
2860,72,155,60
27974,-153,70,-8
14406,63,-81,142
16108,100,149,65
4336,-78,105,-150
29969,-76,-68,-134
7536,105,93,55
8611,19,-48,-115
23831,-25,4,-65
28980,-5,21,-157
28460,144,-134,122
3757,130,-128,-75
25929,-151,-48,-41
1356,-6,77,-119
19823,152,-153,-124
32266,-6,-156,24
3961,-4,130,-65
6433,155,2,55
6730,147,-143,99
18334,40,136,-64
18303,31,-8,-45
13027,-30,67,124
20583,35,-154,134
32548,136,-83,-18
2601,-128,-105,46
13522,19,-14,-65
20447,-33,97,-136
2418,58,130,-70
8991,-26,124,-69
10978,-116,59,-2
5840,-102,46,-28
13315,-142,-12,113
7283,119,-12,-91
8262,67,-146,114
30344,110,93,66
25691,61,-37,-62
5868,28,26,-142
23705,124,21,-22
7740,-157,74,156
708,58,-105,118
29166,33,-106,-70
9739,83,-115,-21
23646,142,-148,-23
16639,-43,120,15
585,80,89,-120
7925,85,-65,-58
9993,129,132,120
26891,94,-127,-1
14199,-54,34,-48
28640,-133,-108,-20
17672,100,-74,76
14618,69,-49,122
19695,79,-3,-40
31406,-96,-55,-34
3238,-112,-137,-7
2039,-73,-123,-9
13162,9,152,-56
25205,78,99,-30
7159,-131,-6,95
14240,-130,-87,74
8393,56,129,-50
20476,-39,70,-92
18344,-119,136,-92
26139,-56,-44,-89
16051,149,25,135
5603,63,93,-30
23772,137,-96,90
11125,83,-127,-156
15747,-144,-96,-89
843,86,110,75
14879,-149,-5,-46
1418,-25,-74,-127
9609,122,-109,-9
4159,43,-73,-125
1478,151,-106,130
7383,-119,106,-73
2834,-106,-112,-21
14352,-64,-82,74
24027,115,-91,130
30127,-23,-102,-138
23555,35,70,-154
13933,-150,69,102
169,-7,47,96
18168,-13,155,57
14695,77,74,-84
9970,76,99,105
3612,-95,15,-76
14731,-30,33,-38
2023,131,139,-75
11026,-134,3,-133
3406,-124,86,147
5595,30,32,29
20941,-21,140,-102
23278,35,-123,121
18736,30,73,70
29969,31,83,39
7237,-11,96,-118
17591,70,-105,19
26439,-96,-98,26
16033,125,-10,11
2067,141,106,-30
31163,-96,68,-157
20340,-1,61,64
9071,2,118,118
6521,129,-100,107
7842,-46,73,-156
20301,91,1,141
25505,-90,34,-17
20037,111,-73,87
8852,-56,109,-19
26645,133,11,-82
9389,-127,-62,-138
2134,-100,-71,133
10903,62,-134,81
10162,131,-68,105
12764,91,127,61
31643,80,4,124
13544,111,-2,96
10156,24,9,-24
19970,13,-76,-32
3136,-45,-5,-95
5023,150,-74,130
132,120,-18,-122
15561,31,-74,-44
11515,-112,-2,40
29541,111,-106,104
19445,-128,112,87
16841,67,7,-6
10790,-89,61,133
12458,35,-74,-51
1006,-21,-29,16
7881,-56,-103,40
383,24,-96,92
20922,-68,148,-92
20873,53,60,5
10098,111,-112,21
11082,-63,87,26
488,151,-96,-15
22589,-117,-1,80
4714,-67,124,140
16898,31,-133,-141
2863,-88,113,-117
23526,18,58,-6
26645,22,137,55
2728,-32,95,29
26797,33,-28,27
32690,29,-96,125
12621,46,119,-32
17980,38,-38,37
25236,-93,-64,114
16172,64,-100,-129
19615,82,-58,132
17296,-33,149,42
1472,131,52,-38
6371,-91,20,-157
21428,35,18,80
27636,86,127,48
12812,-113,150,54
2590,-22,-31,-51
23498,111,-125,-25
23647,-128,145,-17
27285,-4,-82,-142
28507,-30,-2,61
19948,-13,-130,-24
21684,39,-134,81
16085,-28,-62,-76
24511,-128,131,93
6499,-76,-117,-144
11337,-54,34,-47
20743,-69,60,107
24220,-123,-129,-145
15309,82,-95,3
26202,127,132,131
29590,-135,32,4
4162,9,88,-45
8056,-16,-84,51
19531,124,-93,112
32730,58,130,53
12502,126,-17,20
15845,111,47,51
31417,-121,-34,4
972,-66,-96,-38
28514,120,-50,-69
4038,156,-9,-151
10091,-137,139,-13
4542,140,140,106
12761,107,68,31
19482,-98,-124,-80
30604,109,95,91
29916,-61,-89,30
28218,119,-131,117
30446,-9,-153,136
25213,71,-88,-115
3729,-149,-132,-151
6884,56,136,5
14585,61,67,83
31385,-5,-137,-68
17669,-59,-45,133
21920,101,-55,-60
22961,-52,-37,58
26967,141,6,-130
21353,42,143,-137
17721,51,37,43
13265,72,-45,-136
5744,-112,74,-20
25541,-146,-70,-98
2606,-52,65,-111
32763,61,117,102
14781,121,-145,-85
19937,34,-124,92
5347,60,-144,-1
22558,-93,151,-85
754,-3,48,-102
25670,143,-71,119
23454,125,46,78
11215,-112,117,94
12934,124,62,-33
13922,-114,-19,127
3333,40,-73,-125
8396,-69,25,-154
1893,-44,-123,75
29215,28,39,-75
6366,2,-27,-111
26085,116,-112,88
22791,-52,36,-146
5030,74,-12,-110
23038,139,18,82
14843,36,-80,-110
28252,-114,-108,138
25314,25,49,54
9420,-135,-79,-84
19079,132,-58,110
16262,102,-24,112
29440,-14,27,-129
21558,40,-151,-114
19904,-11,17,13
23267,-137,-6,-84
13627,75,-49,-52
10268,-7,-22,-104
16757,76,3,133
19468,-101,-119,141
13212,21,-117,76
14075,-117,10,82
11931,-46,38,54
26688,125,26,63
18906,67,-28,-129
9054,85,-104,-19
4394,156,-8,-38
6410,90,-27,54
30162,31,14,148
31237,74,151,-13
15018,-36,-49,-118
11119,41,55,59
15683,93,-70,-91
12655,-12,-48,-89
15499,-82,-65,116
28899,135,122,111
11968,-18,25,139
25419,-135,104,6
19798,141,94,52
6557,89,-135,-37
18963,-118,-45,3
5932,73,152,131
14725,55,-134,-35
10448,43,140,18
2793,121,3,-119
27176,18,47,16
28227,100,112,99
22819,-74,-40,139
9685,137,-127,-79
11895,8,24,-156
6170,-56,117,-53
14002,-117,-117,-84
31373,-11,31,97
21163,-131,-10,-34
25796,-15,2,-84
5438,77,-110,-109
11170,10,21,83
21841,-65,153,104
15296,-10,63,-66
8469,98,149,6
9912,-64,-80,-32
20734,-2,-148,-34
2027,123,39,51
31752,24,24,107
12869,101,0,-84
7216,154,-94,-10
32744,-2,-9,-84
26530,37,71,55
1761,60,153,-120
17044,-34,-82,-83
4336,21,-71,-55
17059,112,117,76
12215,-28,-61,93
2509,69,35,18
14476,28,55,-13
8338,120,130,38
25882,-150,13,-139
9375,59,-103,-23
12370,-32,7,-122
29152,82,-146,-14
6893,31,-107,-151
18533,78,-87,-118
32752,-58,122,-22
11725,124,149,-11
2408,132,88,140
1014,-38,102,141
16891,118,-64,104
5692,-60,132,36
31081,35,-102,124
30718,16,-31,31
23195,-110,-27,-71
3574,-130,-12,-134
18831,-88,58,-26
28798,116,-66,-3
27070,-69,-145,106
22339,-73,16,107
6918,-147,78,103
12342,151,-64,-130
19677,-20,53,43
17168,68,43,-25
2026,-77,-139,-108
30850,-56,-99,104
10095,-71,-19,65
26768,-67,-155,-93
30623,111,33,122
25393,-107,119,-112
7816,36,-18,151
30011,-83,38,63
24817,117,-80,-113
24960,-31,49,-53
25965,116,-14,144
8676,-139,-14,-58
15189,-24,34,-77
29117,-74,-93,156
29946,-53,-40,-116
15324,80,42,46
25607,-23,77,-47
388,-7,-104,32
13565,-104,17,93
32618,-66,134,-131
4449,26,58,111
29282,76,76,77
6362,12,5,87
30164,-134,111,4
13164,4,59,96
28869,-33,131,-150
4087,57,-55,-154
15050,-12,-85,-140
30490,-102,156,-34
26063,-134,155,-93
12092,9,69,-7
11109,-47,156,79
7093,-131,9,-60
21914,75,-117,-50
13925,140,14,31
32030,-78,-153,-94
23562,-82,-73,131
25765,23,-82,78
7967,-55,53,11
14293,-133,-54,141
7843,129,95,156
24643,22,-93,52
18001,12,-82,-127
16682,122,4,35
21595,-124,-153,91
14565,-56,0,106
2195,6,-157,-76
25519,-110,23,130
13855,130,-100,-61
14343,-99,88,-4
29599,0,148,104
23208,64,-100,23
10111,103,155,96
17984,90,-132,49
15268,130,38,145
29845,65,60,89
7351,52,-105,-3
18282,134,52,145
16002,-151,152,107
1549,-134,-32,62
2178,-104,-110,77
13505,-22,-105,-75
29507,1,-79,34
24356,133,71,52
7722,-70,105,23
2919,-104,-6,-102
27564,-100,-138,19
11973,117,110,-141
31618,6,0,95
3516,-20,-24,20
954,91,-78,-133
16838,-2,-146,-3
25765,92,40,152
26513,-31,127,8
3596,65,23,113
31608,-58,103,53
311,87,111,-21
20187,45,-146,98
2511,10,37,-113
67,96,52,63
9424,-82,19,-104
22712,-114,65,-95
9427,119,-68,-115
32009,-13,-108,-65
1494,66,-156,154
29077,-99,49,-36
24176,93,130,-107
10322,-120,-4,88
10862,113,27,46
31861,28,63,-155
7950,-108,95,-132
25540,-110,-126,96
16957,140,-102,15
28700,146,6,28
29449,-10,48,4
5528,-117,71,-116
9248,-138,-36,-151
30690,51,-130,90
2536,106,119,-136
30436,-46,-146,41
30324,2,146,61
27916,-157,41,86
29395,-113,-43,-8
30955,135,-63,128
20964,-66,-140,-134
31953,-44,70,-147
6006,-97,-8,148
17329,79,-80,-112
11946,48,-61,-71
26871,11,-91,-23
15006,54,-76,-123
11155,46,-148,-140
28184,135,-109,18
9934,28,-77,-17
20684,4,8,-10
30275,7,-137,-11
20654,25,-157,20
8068,28,-101,-91
8860,54,-48,64
28929,-63,-80,10
13538,76,-94,-24
17096,121,-47,145
8910,-26,109,-70
9703,-11,45,-6
30313,-101,-58,107
24007,-18,83,-144
2352,64,90,-104
24718,52,64,-132
16972,-146,145,38
14041,61,73,-104
31848,153,48,51
16821,-108,-17,69
1632,49,-4,62
6858,127,-28,0
28613,-99,85,145
1239,145,-83,115
2413,125,-139,-128
14522,-9,-131,11
6005,-71,69,117
13957,-138,-25,135
18623,42,-121,93
22656,134,-50,-143
28351,98,-33,-90
9619,24,-41,68
5694,-131,70,99
6158,-154,43,40
3408,54,-103,-17
7155,-17,35,112
12382,-73,-95,-83
32353,-87,-39,-92
28463,-94,23,-48
26547,-15,-127,54
27038,-81,-118,-42
27357,64,27,-110
7242,113,119,153
18266,136,87,112
11026,-49,109,-108
1399,-134,-148,70
26420,-14,-149,4
716,-142,152,-14
22762,40,147,-115
5230,-63,135,-113
19757,31,-1,94
9788,-90,30,44
7708,146,29,76
16495,24,-67,113
10339,-27,-92,-64
5979,-153,-45,-83
15339,-113,87,-65
5262,-17,147,-5
8750,-33,91,-3
28379,155,-142,130
3882,126,-48,-123
6919,-50,-135,89
14400,81,135,98
16254,-53,32,-74
28652,-78,-26,132
13093,-92,-146,-24
22080,-46,-42,9
3711,154,119,-124
18157,-57,122,100
31769,142,-106,-156
10319,47,-23,-20
28450,134,126,85
28046,138,142,81
17933,-154,17,30
29683,-10,41,-112
13326,-40,-11,105
3556,80,-85,-18
4891,-108,96,38
10699,-24,62,-46
7209,153,-56,86
8612,110,-145,17
13218,-153,5,27
12906,-9,-18,116
15160,32,-109,63
14184,-24,22,85
8186,-46,7,18
28387,-54,-128,-78
12969,10,7,11
30965,-4,-28,2
7045,7,20,77
1478,-108,78,100
30384,-156,-64,-137
26593,-12,-136,47
14455,77,-68,5
1072,-128,-98,71
30010,-36,111,-30
2871,79,-2,-88
26002,-58,-83,-60
27588,-107,-16,76
2292,-147,-25,-90
10503,31,-88,-33
20312,-18,55,112
14615,81,88,-54
26404,-156,-21,-7
8282,121,-156,145
3194,-116,-96,-129
29498,102,-45,-89
13661,-79,33,-148
19160,-6,-109,-85
24665,58,7,-77
25111,-97,-67,-132
12038,137,-29,14